called_at_utc,status,cost,requests_used,requests_remaining,events,rows_written
2026-09-25T13:28:10Z,401,,,,,0
2026-09-25T13:30:44Z,401,,,,,0
2026-09-25T13:36:34Z,200,3,3,497,3,0
2026-09-25T14:02:02Z,200,3,6,494,3,3
2026-09-28T14:37:43Z,200,3,9,491,18,10
2026-09-28T16:34:59Z,200,3,12,488,18,10
2026-09-29T11:05:17Z,200,3,15,485,18,10
2026-09-29T11:18:33Z,200,3,18,482,18,10
2026-09-29T14:44:25Z,200,3,21,479,18,10
2026-09-30T14:46:10Z,200,3,24,476,20,10
2026-10-01T15:14:54Z,200,3,3,497,20,11
2026-10-02T14:35:08Z,200,3,6,494,16,9
2026-10-03T13:10:20Z,200,3,9,491,10,6
2026-10-04T13:49:48Z,200,3,12,488,10,6
2026-10-05T16:56:12Z,200,3,15,485,19,11
