game_id,season,round,tipoff_utc,home,away,commence_utc,fetched_at_utc,bookmakers,p_home,spread_books,spread_home,total_books,total
E2026_8,2026,1,2026-09-25T17:00:00Z,BES,PAM,2026-09-25T17:00:00Z,2026-09-25T14:02:02Z,19,0.5340,13,-1.5,13,169.5
E2026_9,2026,1,2026-09-25T17:45:00Z,ULK,VIR,2026-09-25T17:45:00Z,2026-09-25T14:02:02Z,18,0.8309,12,-11.5,12,164.75
E2026_10,2026,1,2026-09-25T18:45:00Z,PAR,MIL,2026-09-25T18:45:00Z,2026-09-25T14:02:02Z,16,0.5902,13,-3.5,12,168.5
E2026_11,2026,2,2026-09-29T17:00:00Z,IST,MAD,2026-09-29T17:00:00Z,2026-09-28T14:37:43Z,17,0.5196,9,-1.5,11,172
E2026_16,2026,2,2026-09-29T18:30:00Z,MIL,VIR,2026-09-29T18:30:00Z,2026-09-28T14:37:43Z,13,0.6984,10,-6.5,9,162.5
E2026_15,2026,2,2026-09-29T18:30:00Z,PAM,BAS,2026-09-29T18:30:00Z,2026-09-28T14:37:43Z,17,0.7538,11,-8.5,11,182.5
E2026_18,2026,2,2026-09-29T18:45:00Z,PRS,PAR,2026-09-29T18:45:00Z,2026-09-28T14:37:43Z,16,0.5550,11,-2.5,11,173.5
E2026_19,2026,2,2026-09-30T18:05:00Z,TEL,BES,2026-09-30T18:05:00Z,2026-09-28T14:37:43Z,10,0.6308,6,-4.5,6,174.5
E2026_22,2026,3,2026-10-01T16:00:00Z,HTA,MAD,2026-10-01T16:00:00Z,2026-09-28T14:37:43Z,7,0.5132,2,-1.5,2,175.5
E2026_23,2026,3,2026-10-01T18:30:00Z,VIR,OLY,2026-10-01T18:30:00Z,2026-09-28T14:37:43Z,6,0.2266,3,8.5,1,168.5
E2026_29,2026,3,2026-10-02T17:45:00Z,ULK,DUB,2026-10-02T17:45:00Z,2026-09-28T14:37:43Z,7,0.6341,4,-4.5,2,166.5
E2026_30,2026,3,2026-10-02T18:15:00Z,PAN,TEL,2026-10-02T18:15:00Z,2026-09-28T14:37:43Z,7,0.8271,4,-10.5,2,166.5
E2026_27,2026,3,2026-10-02T18:30:00Z,BAS,MIL,2026-10-02T18:30:00Z,2026-09-28T14:37:43Z,2,0.4152,2,3,2,172.5
