gbl_id,stratum,stratum_size,el_id_true
0000000F,greek/matched,138,P004429
0000007A,greek/matched,138,PTFX
0000009B,greek/matched,138,P000411
00000379,greek/matched,138,PAQU
00000389,greek/matched,138,P000129
0000047A,greek/matched,138,P000464
0000055C,greek/matched,138,P001926
00000701,greek/matched,138,PJCC
00000719,greek/matched,138,P001287
00000722,greek/matched,138,P002980
0B4BA1C7,greek/matched,138,P009003
0EC94472,greek/matched,138,P009816
22136494,greek/matched,138,P011236
2A79ECAD,greek/matched,138,P002008
3BB61443,greek/matched,138,P014212
3E2262D0,greek/matched,138,P003108
422F3AC0,greek/matched,138,P009842
4517CD53,greek/matched,138,P006068
4A6B8EB3,greek/matched,138,P003120
52C8D859,greek/matched,138,P006555
645F5095,greek/matched,138,P010549
647ACEAC,greek/matched,138,P006487
66DCB70A,greek/matched,138,P014011
6CE8EC18,greek/matched,138,P011305
73A58900,greek/matched,138,P000848
7923E460,greek/matched,138,P014220
79770E8B,greek/matched,138,P014004
7A6A1B1D,greek/matched,138,P001887
7CE3D926,greek/matched,138,P007553
7F6E6DE3,greek/matched,138,P007866
81B5C4BA,greek/matched,138,P007975
823ACEB3,greek/matched,138,P011286
885A0BA0,greek/matched,138,P001910
89FB852E,greek/matched,138,P005269
8BDDC1DE,greek/matched,138,P013250
A526A086,greek/matched,138,P010569
AA38A9DC,greek/matched,138,P013383
AE7CABAA,greek/matched,138,P006505
B8E81349,greek/matched,138,P011442
BED303AC,greek/matched,138,P009540
C4797F8E,greek/matched,138,P010465
C6753A18,greek/matched,138,P007125
C8D9243F,greek/matched,138,P009917
D1381E3B,greek/matched,138,P005917
DC12D2F3,greek/matched,138,P002328
F816BB2E,greek/matched,138,P011317
FA942A32,greek/matched,138,P005061
FAEEF152,greek/matched,138,P011983
FB41797F,greek/matched,138,P009847
FE010EF5,greek/matched,138,P010467
000000A4,greek/unmatched,473,none
0000030E,greek/unmatched,473,none
00000339,greek/unmatched,473,none
00000345,greek/unmatched,473,none
000005D2,greek/unmatched,473,none
0258BA1E,greek/unmatched,473,none
09067E71,greek/unmatched,473,none
17958650,greek/unmatched,473,none
291356C7,greek/unmatched,473,none
2C0B2DE8,greek/unmatched,473,none
37EA6452,greek/unmatched,473,none
3A1547E4,greek/unmatched,473,none
3C50E042,greek/unmatched,473,none
49189D24,greek/unmatched,473,none
5107C236,greek/unmatched,473,none
514FA5E4,greek/unmatched,473,none
51D6DE99,greek/unmatched,473,none
5330373D,greek/unmatched,473,none
55A6C5DB,greek/unmatched,473,none
5FF950F2,greek/unmatched,473,none
65AC3A56,greek/unmatched,473,none
673606D7,greek/unmatched,473,none
6E7524DC,greek/unmatched,473,none
73882C2F,greek/unmatched,473,none
78FE322E,greek/unmatched,473,none
88A8B311,greek/unmatched,473,none
8DFB21EC,greek/unmatched,473,none
97D803C0,greek/unmatched,473,none
99FE1353,greek/unmatched,473,none
9B095932,greek/unmatched,473,none
9B3A6626,greek/unmatched,473,none
9DBC8FE2,greek/unmatched,473,none
BA572D1F,greek/unmatched,473,none
C47214D9,greek/unmatched,473,none
C8E63EEC,greek/unmatched,473,none
CB903EBB,greek/unmatched,473,none
D0124272,greek/unmatched,473,none
D5F72F6E,greek/unmatched,473,none
DB78C21A,greek/unmatched,473,none
DF677BF1,greek/unmatched,473,none
E0CEF62E,greek/unmatched,473,none
E223062A,greek/unmatched,473,none
E3E2822B,greek/unmatched,473,none
E8B5A023,greek/unmatched,473,none
ED874474,greek/unmatched,473,none
EEACDAE7,greek/unmatched,473,none
F06E1579,greek/unmatched,473,none
F2D87F7B,greek/unmatched,473,none
F9154245,greek/unmatched,473,none
FCBD1D31,greek/unmatched,473,none
00000167,latin/matched,36,P004289
00000174,latin/matched,36,P001932
000001AD,latin/matched,36,P005146
000001BC,latin/matched,36,P002867
00000245,latin/matched,36,P010392
0000029C,latin/matched,36,P003537
0000037E,latin/matched,36,P003240
00000468,latin/matched,36,P001255
0000060F,latin/matched,36,PTEN
00000729,latin/matched,36,P004218
0CB6EC08,latin/matched,36,P011221
12208166,latin/matched,36,P009849
14F5D6AF,latin/matched,36,P014122
192A9E36,latin/matched,36,P008962
27F22948,latin/matched,36,P011396
2C26B404,latin/matched,36,P011085
4A30A4F1,latin/matched,36,P012712
4BBBBCE9,latin/matched,36,P011965
4C0E5F4B,latin/matched,36,P004451
5DB4E930,latin/matched,36,P014121
64256A0B,latin/matched,36,P011981
7D3E4D77,latin/matched,36,P011204
7D80AD55,latin/matched,36,P012774
83B11FF5,latin/matched,36,P011196
96FC6D4D,latin/matched,36,P010631
9E3DB04D,latin/matched,36,P011209
AF728220,latin/matched,36,P014316
B76F35F2,latin/matched,36,P010386
B9778770,latin/matched,36,P006586
C7F71003,latin/matched,36,P013380
CD105647,latin/matched,36,P004088
CF580EB7,latin/matched,36,P005255
D8361DB3,latin/matched,36,P004292
E625EBD8,latin/matched,36,P003842
E6EC7439,latin/matched,36,P003941
E79B2944,latin/matched,36,P006544
00000069,latin/unmatched,58,P003469
13E498FF,latin/unmatched,58,none
14A01952,latin/unmatched,58,none
163A0BF8,latin/unmatched,58,none
16AE30FC,latin/unmatched,58,none
1B250824,latin/unmatched,58,none
1F2A8343,latin/unmatched,58,none
207A5E89,latin/unmatched,58,none
21C5ED0D,latin/unmatched,58,none
2BBFE416,latin/unmatched,58,none
2BD65881,latin/unmatched,58,none
2FDD0350,latin/unmatched,58,none
306A4360,latin/unmatched,58,none
34FF7118,latin/unmatched,58,none
448AF744,latin/unmatched,58,none
481F0638,latin/unmatched,58,none
4C3E0D1F,latin/unmatched,58,none
5099E231,latin/unmatched,58,none
63F9CEF0,latin/unmatched,58,none
65D9EF95,latin/unmatched,58,none
6BC4B84C,latin/unmatched,58,none
6E776956,latin/unmatched,58,none
726D6513,latin/unmatched,58,none
77C8FCA5,latin/unmatched,58,none
7EAA048C,latin/unmatched,58,none
92F6A168,latin/unmatched,58,none
948D3EC2,latin/unmatched,58,none
9A1EDD91,latin/unmatched,58,none
9B0B82A0,latin/unmatched,58,none
A1D217D1,latin/unmatched,58,none
AB6D75D6,latin/unmatched,58,none
B2A97905,latin/unmatched,58,none
B91AE9D3,latin/unmatched,58,none
BC598ED2,latin/unmatched,58,none
BFA5ABF7,latin/unmatched,58,none
C151B736,latin/unmatched,58,none
CAA8D9F2,latin/unmatched,58,none
CC57C559,latin/unmatched,58,none
D1B546BE,latin/unmatched,58,none
E02706AA,latin/unmatched,58,none
E7DDBF96,latin/unmatched,58,none
F42B3D2C,latin/unmatched,58,none
F5C9A62B,latin/unmatched,58,none
F68045AF,latin/unmatched,58,none
F687D874,latin/unmatched,58,none
F78CAA5C,latin/unmatched,58,none
F7A47F07,latin/unmatched,58,none
F84B55AD,latin/unmatched,58,none
FB81693B,latin/unmatched,58,none
FD013EDA,latin/unmatched,58,none
