competition,source_id,person_id
euroleague,000595,P:000595
euroleague,1,P:1
euroleague,A1,P:A1
euroleague,AVD,P:AVD
euroleague,MAD991,P:MAD991
euroleague,P000002,P:P000002
euroleague,P000007,P:P000007
euroleague,P000009,P:P000009
euroleague,P000018,P:P000018
euroleague,P000035,P:P000035
euroleague,P000039,P:P000039
euroleague,P000046,P:P000046
euroleague,P000063,P:P000063
euroleague,P000064,P:P000064
euroleague,P000066,P:P000066
euroleague,P000074,P:P000074
euroleague,P000078,P:P000078
euroleague,P000079,P:P000079
euroleague,P000088,P:P000088
euroleague,P000092,P:P000092
euroleague,P000097,P:P000097
euroleague,P000109,P:P000109
euroleague,P000118,P:P000118
euroleague,P000126,P:P000126
euroleague,P000127,P:P000127
euroleague,P000129,P:P000129
euroleague,P000134,P:P000134
euroleague,P000139,P:P000139
euroleague,P000140,P:P000140
euroleague,P000144,P:P000144
euroleague,P000152,P:P000152
euroleague,P000160,P:P000160
euroleague,P000179,P:P000179
euroleague,P000183,P:P000183
euroleague,P000184,P:P000184
euroleague,P000185,P:P000185
euroleague,P000186,P:P000186
euroleague,P000202,P:P000202
euroleague,P000207,P:P000207
euroleague,P000218,P:P000218
euroleague,P000227,P:P000227
euroleague,P000228,P:P000228
euroleague,P000229,P:P000229
euroleague,P000230,P:P000230
euroleague,P000236,P:P000236
euroleague,P000262,P:P000262
euroleague,P000264,P:P000264
euroleague,P000266,P:P000266
euroleague,P000273,P:P000273
euroleague,P000275,P:P000275
euroleague,P000316,P:P000316
euroleague,P000317,P:P000317
euroleague,P000326,P:P000326
euroleague,P000343,P:P000343
euroleague,P000354,P:P000354
euroleague,P000357,P:P000357
euroleague,P000378,P:P000378
euroleague,P000393,P:P000393
euroleague,P000396,P:P000396
euroleague,P000399,P:P000399
euroleague,P000406,P:P000406
euroleague,P000411,P:P000411
euroleague,P000416,P:P000416
euroleague,P000430,P:P000430
euroleague,P000435,P:P000435
euroleague,P000436,P:P000436
euroleague,P000459,P:P000459
euroleague,P000464,P:P000464
euroleague,P000483,P:P000483
euroleague,P000494,P:P000494
euroleague,P000497,P:P000497
euroleague,P000498,P:P000498
euroleague,P000499,P:P000499
euroleague,P000501,P:P000501
euroleague,P000518,P:P000518
euroleague,P000529,P:P000529
euroleague,P000531,P:P000531
euroleague,P000532,P:P000532
euroleague,P000535,P:P000535
euroleague,P000540,P:P000540
euroleague,P000541,P:P000541
euroleague,P000545,P:P000545
euroleague,P000553,P:P000553
euroleague,P000554,P:P000554
euroleague,P000556,P:P000556
euroleague,P000564,P:P000564
euroleague,P000577,P:P000577
euroleague,P000582,P:P000582
euroleague,P000592,P:P000592
euroleague,P000597,P:P000597
euroleague,P000615,P:P000615
euroleague,P000622,P:P000622
euroleague,P000634,P:P000634
euroleague,P000635,P:P000635
euroleague,P000645,P:P000645
euroleague,P000654,P:P000654
euroleague,P000659,P:P000659
euroleague,P000661,P:P000661
euroleague,P000664,P:P000664
euroleague,P000668,P:P000668
euroleague,P000670,P:P000670
euroleague,P000672,P:P000672
euroleague,P000685,P:P000685
euroleague,P000688,P:P000688
euroleague,P000689,P:P000689
euroleague,P000691,P:P000691
euroleague,P000702,P:P000702
euroleague,P000703,P:P000703
euroleague,P000709,P:P000709
euroleague,P000713,P:P000713
euroleague,P000717,P:P000717
euroleague,P000719,P:P000719
euroleague,P000722,P:P000722
euroleague,P000726,P:P000726
euroleague,P000728,P:P000728
euroleague,P000731,P:P000731
euroleague,P000738,P:P000738
euroleague,P000747,P:P000747
euroleague,P000749,P:P000749
euroleague,P000751,P:P000751
euroleague,P000753,P:P000753
euroleague,P000754,P:P000754
euroleague,P000781,P:P000781
euroleague,P000796,P:P000796
euroleague,P000799,P:P000799
euroleague,P000838,P:P000838
euroleague,P000840,P:P000840
euroleague,P000848,P:P000848
euroleague,P000880,P:P000880
euroleague,P000898,P:P000898
euroleague,P000912,P:P000912
euroleague,P000919,P:P000919
euroleague,P000924,P:P000924
euroleague,P000925,P:P000925
euroleague,P000932,P:P000932
euroleague,P000936,P:P000936
euroleague,P000956,P:P000956
euroleague,P000977,P:P000977
euroleague,P000981,P:P000981
euroleague,P000996,P:P000996
euroleague,P001062,P:P001062
euroleague,P001081,P:P001081
euroleague,P001097,P:P001097
euroleague,P001098,P:P001098
euroleague,P001108,P:P001108
euroleague,P001129,P:P001129
euroleague,P001133,P:P001133
euroleague,P001140,P:P001140
euroleague,P001142,P:P001142
euroleague,P001150,P:P001150
euroleague,P001156,P:P001156
euroleague,P001157,P:P001157
euroleague,P001159,P:P001159
euroleague,P001162,P:P001162
euroleague,P001170,P:P001170
euroleague,P001171,P:P001171
euroleague,P001172,P:P001172
euroleague,P001176,P:P001176
euroleague,P001177,P:P001177
euroleague,P001193,P:P001193
euroleague,P001194,P:P001194
euroleague,P001196,P:P001196
euroleague,P001198,P:P001198
euroleague,P001202,P:P001202
euroleague,P001206,P:P001206
euroleague,P001209,P:P001209
euroleague,P001210,P:P001210
euroleague,P001211,P:P001211
euroleague,P001215,P:P001215
euroleague,P001216,P:P001216
euroleague,P001219,P:P001219
euroleague,P001223,P:P001223
euroleague,P001225,P:P001225
euroleague,P001228,P:P001228
euroleague,P001230,P:P001230
euroleague,P001231,P:P001231
euroleague,P001234,P:P001234
euroleague,P001235,P:P001235
euroleague,P001236,P:P001236
euroleague,P001237,P:P001237
euroleague,P001241,P:P001241
euroleague,P001252,P:P001252
euroleague,P001255,P:P001255
euroleague,P001257,P:P001257
euroleague,P001258,P:P001258
euroleague,P001259,P:P001259
euroleague,P001261,P:P001261
euroleague,P001266,P:P001266
euroleague,P001271,P:P001271
euroleague,P001273,P:P001273
euroleague,P001274,P:P001274
euroleague,P001276,P:P001276
euroleague,P001287,P:P001287
euroleague,P001288,P:P001288
euroleague,P001302,P:P001302
euroleague,P001310,P:P001310
euroleague,P001324,P:P001324
euroleague,P001326,P:P001326
euroleague,P001335,P:P001335
euroleague,P001351,P:P001351
euroleague,P001354,P:P001354
euroleague,P001373,P:P001373
euroleague,P001386,P:P001386
euroleague,P001389,P:P001389
euroleague,P001392,P:P001392
euroleague,P001398,P:P001398
euroleague,P001401,P:P001401
euroleague,P001413,P:P001413
euroleague,P001430,P:P001430
euroleague,P001432,P:P001432
euroleague,P001433,P:P001433
euroleague,P001436,P:P001436
euroleague,P001438,P:P001438
euroleague,P001446,P:P001446
euroleague,P001450,P:P001450
euroleague,P001455,P:P001455
euroleague,P001459,P:P001459
euroleague,P001460,P:P001460
euroleague,P001468,P:P001468
euroleague,P001471,P:P001471
euroleague,P001473,P:P001473
euroleague,P001487,P:P001487
euroleague,P001490,P:P001490
euroleague,P001518,P:P001518
euroleague,P001557,P:P001557
euroleague,P001562,P:P001562
euroleague,P001589,P:P001589
euroleague,P001602,P:P001602
euroleague,P001604,P:P001604
euroleague,P001612,P:P001612
euroleague,P001633,P:P001633
euroleague,P001650,P:P001650
euroleague,P001711,P:P001711
euroleague,P001712,P:P001712
euroleague,P001736,P:P001736
euroleague,P001761,P:P001761
euroleague,P001771,P:P001771
euroleague,P001790,P:P001790
euroleague,P001792,P:P001792
euroleague,P001794,P:P001794
euroleague,P001810,P:P001810
euroleague,P001820,P:P001820
euroleague,P001829,P:P001829
euroleague,P001830,P:P001830
euroleague,P001831,P:P001831
euroleague,P001832,P:P001832
euroleague,P001833,P:P001833
euroleague,P001834,P:P001834
euroleague,P001835,P:P001835
euroleague,P001836,P:P001836
euroleague,P001838,P:P001838
euroleague,P001839,P:P001839
euroleague,P001844,P:P001844
euroleague,P001860,P:P001860
euroleague,P001862,P:P001862
euroleague,P001863,P:P001863
euroleague,P001865,P:P001865
euroleague,P001867,P:P001867
euroleague,P001868,P:P001868
euroleague,P001878,P:P001878
euroleague,P001881,P:P001881
euroleague,P001882,P:P001882
euroleague,P001883,P:P001883
euroleague,P001885,P:P001885
euroleague,P001887,P:P001887
euroleague,P001892,P:P001892
euroleague,P001895,P:P001895
euroleague,P001897,P:P001897
euroleague,P001899,P:P001899
euroleague,P001900,P:P001900
euroleague,P001901,P:P001901
euroleague,P001906,P:P001906
euroleague,P001907,P:P001907
euroleague,P001908,P:P001908
euroleague,P001909,P:P001909
euroleague,P001910,P:P001910
euroleague,P001920,P:P001920
euroleague,P001922,P:P001922
euroleague,P001924,P:P001924
euroleague,P001925,P:P001925
euroleague,P001926,P:P001926
euroleague,P001927,P:P001927
euroleague,P001928,P:P001928
euroleague,P001929,P:P001929
euroleague,P001930,P:P001930
euroleague,P001932,P:P001932
euroleague,P001933,P:P001933
euroleague,P001934,P:P001934
euroleague,P001936,P:P001936
euroleague,P001938,P:P001938
euroleague,P001946,P:P001946
euroleague,P001947,P:P001947
euroleague,P001948,P:P001948
euroleague,P001949,P:P001949
euroleague,P001954,P:P001954
euroleague,P001960,P:P001960
euroleague,P001965,P:P001965
euroleague,P001971,P:P001971
euroleague,P001972,P:P001972
euroleague,P001988,P:P001988
euroleague,P001990,P:P001990
euroleague,P001995,P:P001995
euroleague,P001998,P:P001998
euroleague,P002007,P:P002007
euroleague,P002008,P:P002008
euroleague,P002009,P:P002009
euroleague,P002012,P:P002012
euroleague,P002013,P:P002013
euroleague,P002014,P:P002014
euroleague,P002015,P:P002015
euroleague,P002017,P:P002017
euroleague,P002025,P:P002025
euroleague,P002026,P:P002026
euroleague,P002031,P:P002031
euroleague,P002038,P:P002038
euroleague,P002063,P:P002063
euroleague,P002072,P:P002072
euroleague,P002073,P:P002073
euroleague,P002079,P:P002079
euroleague,P002081,P:P002081
euroleague,P002083,P:P002083
euroleague,P002084,P:P002084
euroleague,P002090,P:P002090
euroleague,P002091,P:P002091
euroleague,P002092,P:P002092
euroleague,P002100,P:P002100
euroleague,P002104,P:P002104
euroleague,P002106,P:P002106
euroleague,P002107,P:P002107
euroleague,P002276,P:P002276
euroleague,P002279,P:P002279
euroleague,P002289,P:P002289
euroleague,P002328,P:P002328
euroleague,P002329,P:P002329
euroleague,P002341,P:P002341
euroleague,P002361,P:P002361
euroleague,P002392,P:P002392
euroleague,P002403,P:P002403
euroleague,P002429,P:P002429
euroleague,P002431,P:P002431
euroleague,P002439,P:P002439
euroleague,P002455,P:P002455
euroleague,P002504,P:P002504
euroleague,P002506,P:P002506
euroleague,P002507,P:P002507
euroleague,P002532,P:P002532
euroleague,P002534,P:P002534
euroleague,P002536,P:P002536
euroleague,P002543,P:P002543
euroleague,P002551,P:P002551
euroleague,P002553,P:P002553
euroleague,P002561,P:P002561
euroleague,P002574,P:P002574
euroleague,P002580,P:P002580
euroleague,P002581,P:P002581
euroleague,P002582,P:P002582
euroleague,P002618,P:P002618
euroleague,P002626,P:P002626
euroleague,P002628,P:P002628
euroleague,P002644,P:P002644
euroleague,P002661,P:P002661
euroleague,P002676,P:P002676
euroleague,P002693,P:P002693
euroleague,P002705,P:P002705
euroleague,P002728,P:P002728
euroleague,P002741,P:P002741
euroleague,P002742,P:P002742
euroleague,P002744,P:P002744
euroleague,P002746,P:P002746
euroleague,P002753,P:P002753
euroleague,P002763,P:P002763
euroleague,P002810,P:P002810
euroleague,P002812,P:P002812
euroleague,P002815,P:P002815
euroleague,P002817,P:P002817
euroleague,P002818,P:P002818
euroleague,P002820,P:P002820
euroleague,P002821,P:P002821
euroleague,P002822,P:P002822
euroleague,P002823,P:P002823
euroleague,P002825,P:P002825
euroleague,P002826,P:P002826
euroleague,P002829,P:P002829
euroleague,P002833,P:P002833
euroleague,P002834,P:P002834
euroleague,P002835,P:P002835
euroleague,P002837,P:P002837
euroleague,P002841,P:P002841
euroleague,P002842,P:P002842
euroleague,P002848,P:P002848
euroleague,P002849,P:P002849
euroleague,P002850,P:P002850
euroleague,P002851,P:P002851
euroleague,P002852,P:P002852
euroleague,P002856,P:P002856
euroleague,P002862,P:P002862
euroleague,P002867,P:P002867
euroleague,P002868,P:P002868
euroleague,P002869,P:P002869
euroleague,P002870,P:P002870
euroleague,P002872,P:P002872
euroleague,P002873,P:P002873
euroleague,P002875,P:P002875
euroleague,P002877,P:P002877
euroleague,P002893,P:P002893
euroleague,P002898,P:P002898
euroleague,P002901,P:P002901
euroleague,P002906,P:P002906
euroleague,P002908,P:P002908
euroleague,P002911,P:P002911
euroleague,P002925,P:P002925
euroleague,P002926,P:P002926
euroleague,P002934,P:P002934
euroleague,P002936,P:P002936
euroleague,P002938,P:P002938
euroleague,P002939,P:P002939
euroleague,P002946,P:P002946
euroleague,P002968,P:P002968
euroleague,P002969,P:P002969
euroleague,P002970,P:P002970
euroleague,P002971,P:P002971
euroleague,P002972,P:P002972
euroleague,P002973,P:P002973
euroleague,P002980,P:P002980
euroleague,P002982,P:P002982
euroleague,P002987,P:P002987
euroleague,P003013,P:P003013
euroleague,P003024,P:P003024
euroleague,P003034,P:P003034
euroleague,P003042,P:P003042
euroleague,P003048,P:P003048
euroleague,P003062,P:P003062
euroleague,P003064,P:P003064
euroleague,P003067,P:P003067
euroleague,P003068,P:P003068
euroleague,P003069,P:P003069
euroleague,P003070,P:P003070
euroleague,P003091,P:P003091
euroleague,P003108,P:P003108
euroleague,P003112,P:P003112
euroleague,P003120,P:P003120
euroleague,P003151,P:P003151
euroleague,P003196,P:P003196
euroleague,P003198,P:P003198
euroleague,P003204,P:P003204
euroleague,P003205,P:P003205
euroleague,P003210,P:P003210
euroleague,P003211,P:P003211
euroleague,P003212,P:P003212
euroleague,P003235,P:P003235
euroleague,P003238,P:P003238
euroleague,P003240,P:P003240
euroleague,P003242,P:P003242
euroleague,P003263,P:P003263
euroleague,P003264,P:P003264
euroleague,P003269,P:P003269
euroleague,P003273,P:P003273
euroleague,P003274,P:P003274
euroleague,P003283,P:P003283
euroleague,P003297,P:P003297
euroleague,P003298,P:P003298
euroleague,P003326,P:P003326
euroleague,P003327,P:P003327
euroleague,P003328,P:P003328
euroleague,P003331,P:P003331
euroleague,P003332,P:P003332
euroleague,P003362,P:P003362
euroleague,P003367,P:P003367
euroleague,P003370,P:P003370
euroleague,P003389,P:P003389
euroleague,P003390,P:P003390
euroleague,P003391,P:P003391
euroleague,P003392,P:P003392
euroleague,P003394,P:P003394
euroleague,P003395,P:P003395
euroleague,P003413,P:P003413
euroleague,P003416,P:P003416
euroleague,P003417,P:P003417
euroleague,P003423,P:P003423
euroleague,P003424,P:P003424
euroleague,P003425,P:P003425
euroleague,P003431,P:P003431
euroleague,P003435,P:P003435
euroleague,P003437,P:P003437
euroleague,P003438,P:P003438
euroleague,P003439,P:P003439
euroleague,P003442,P:P003442
euroleague,P003443,P:P003443
euroleague,P003451,P:P003451
euroleague,P003452,P:P003452
euroleague,P003453,P:P003453
euroleague,P003455,P:P003455
euroleague,P003457,P:P003457
euroleague,P003458,P:P003458
euroleague,P003469,P:P003469
euroleague,P003472,P:P003472
euroleague,P003474,P:P003474
euroleague,P003475,P:P003475
euroleague,P003476,P:P003476
euroleague,P003477,P:P003477
euroleague,P003478,P:P003478
euroleague,P003479,P:P003479
euroleague,P003482,P:P003482
euroleague,P003490,P:P003490
euroleague,P003495,P:P003495
euroleague,P003496,P:P003496
euroleague,P003500,P:P003500
euroleague,P003501,P:P003501
euroleague,P003508,P:P003508
euroleague,P003509,P:P003509
euroleague,P003514,P:P003514
euroleague,P003515,P:P003515
euroleague,P003521,P:P003521
euroleague,P003522,P:P003522
euroleague,P003526,P:P003526
euroleague,P003527,P:P003527
euroleague,P003529,P:P003529
euroleague,P003530,P:P003530
euroleague,P003532,P:P003532
euroleague,P003534,P:P003534
euroleague,P003537,P:P003537
euroleague,P003538,P:P003538
euroleague,P003540,P:P003540
euroleague,P003549,P:P003549
euroleague,P003552,P:P003552
euroleague,P003568,P:P003568
euroleague,P003570,P:P003570
euroleague,P003571,P:P003571
euroleague,P003573,P:P003573
euroleague,P003583,P:P003583
euroleague,P003601,P:P003601
euroleague,P003603,P:P003603
euroleague,P003608,P:P003608
euroleague,P003622,P:P003622
euroleague,P003637,P:P003637
euroleague,P003650,P:P003650
euroleague,P003657,P:P003657
euroleague,P003672,P:P003672
euroleague,P003673,P:P003673
euroleague,P003675,P:P003675
euroleague,P003703,P:P003703
euroleague,P003712,P:P003712
euroleague,P003715,P:P003715
euroleague,P003733,P:P003733
euroleague,P003783,P:P003783
euroleague,P003822,P:P003822
euroleague,P003834,P:P003834
euroleague,P003836,P:P003836
euroleague,P003842,P:P003842
euroleague,P003845,P:P003845
euroleague,P003921,P:P003921
euroleague,P003926,P:P003926
euroleague,P003931,P:P003931
euroleague,P003934,P:P003934
euroleague,P003941,P:P003941
euroleague,P003945,P:P003945
euroleague,P003958,P:P003958
euroleague,P003960,P:P003960
euroleague,P003983,P:P003983
euroleague,P003992,P:P003992
euroleague,P004004,P:P004004
euroleague,P004007,P:P004007
euroleague,P004008,P:P004008
euroleague,P004053,P:P004053
euroleague,P004056,P:P004056
euroleague,P004058,P:P004058
euroleague,P004088,P:P004088
euroleague,P004093,P:P004093
euroleague,P004094,P:P004094
euroleague,P004096,P:P004096
euroleague,P004117,P:P004117
euroleague,P004118,P:P004118
euroleague,P004119,P:P004119
euroleague,P004120,P:P004120
euroleague,P004122,P:P004122
euroleague,P004123,P:P004123
euroleague,P004132,P:P004132
euroleague,P004158,P:P004158
euroleague,P004159,P:P004159
euroleague,P004160,P:P004160
euroleague,P004161,P:P004161
euroleague,P004164,P:P004164
euroleague,P004165,P:P004165
euroleague,P004167,P:P004167
euroleague,P004168,P:P004168
euroleague,P004170,P:P004170
euroleague,P004172,P:P004172
euroleague,P004173,P:P004173
euroleague,P004175,P:P004175
euroleague,P004176,P:P004176
euroleague,P004178,P:P004178
euroleague,P004179,P:P004179
euroleague,P004183,P:P004183
euroleague,P004185,P:P004185
euroleague,P004187,P:P004187
euroleague,P004191,P:P004191
euroleague,P004192,P:P004192
euroleague,P004193,P:P004193
euroleague,P004194,P:P004194
euroleague,P004195,P:P004195
euroleague,P004197,P:P004197
euroleague,P004198,P:P004198
euroleague,P004203,P:P004203
euroleague,P004206,P:P004206
euroleague,P004212,P:P004212
euroleague,P004213,P:P004213
euroleague,P004214,P:P004214
euroleague,P004215,P:P004215
euroleague,P004217,P:P004217
euroleague,P004218,P:P004218
euroleague,P004221,P:P004221
euroleague,P004222,P:P004222
euroleague,P004223,P:P004223
euroleague,P004229,P:P004229
euroleague,P004230,P:P004230
euroleague,P004231,P:P004231
euroleague,P004233,P:P004233
euroleague,P004246,P:P004246
euroleague,P004247,P:P004247
euroleague,P004251,P:P004251
euroleague,P004259,P:P004259
euroleague,P004264,P:P004264
euroleague,P004267,P:P004267
euroleague,P004271,P:P004271
euroleague,P004289,P:P004289
euroleague,P004290,P:P004290
euroleague,P004292,P:P004292
euroleague,P004300,P:P004300
euroleague,P004302,P:P004302
euroleague,P004316,P:P004316
euroleague,P004317,P:P004317
euroleague,P004324,P:P004324
euroleague,P004327,P:P004327
euroleague,P004331,P:P004331
euroleague,P004355,P:P004355
euroleague,P004370,P:P004370
euroleague,P004380,P:P004380
euroleague,P004381,P:P004381
euroleague,P004397,P:P004397
euroleague,P004401,P:P004401
euroleague,P004402,P:P004402
euroleague,P004418,P:P004418
euroleague,P004422,P:P004422
euroleague,P004425,P:P004425
euroleague,P004426,P:P004426
euroleague,P004428,P:P004428
euroleague,P004429,P:P004429
euroleague,P004430,P:P004430
euroleague,P004431,P:P004431
euroleague,P004435,P:P004435
euroleague,P004443,P:P004443
euroleague,P004445,P:P004445
euroleague,P004451,P:P004451
euroleague,P004456,P:P004456
euroleague,P004479,P:P004479
euroleague,P004485,P:P004485
euroleague,P004490,P:P004490
euroleague,P004499,P:P004499
euroleague,P004508,P:P004508
euroleague,P004511,P:P004511
euroleague,P004512,P:P004512
euroleague,P004535,P:P004535
euroleague,P004549,P:P004549
euroleague,P004551,P:P004551
euroleague,P004554,P:P004554
euroleague,P004571,P:P004571
euroleague,P004575,P:P004575
euroleague,P004586,P:P004586
euroleague,P004588,P:P004588
euroleague,P004603,P:P004603
euroleague,P004623,P:P004623
euroleague,P004628,P:P004628
euroleague,P004645,P:P004645
euroleague,P004655,P:P004655
euroleague,P004664,P:P004664
euroleague,P004684,P:P004684
euroleague,P004720,P:P004720
euroleague,P004761,P:P004761
euroleague,P004790,P:P004790
euroleague,P004796,P:P004796
euroleague,P004797,P:P004797
euroleague,P004803,P:P004803
euroleague,P004804,P:P004804
euroleague,P004808,P:P004808
euroleague,P004810,P:P004810
euroleague,P004812,P:P004812
euroleague,P004834,P:P004834
euroleague,P004836,P:P004836
euroleague,P004840,P:P004840
euroleague,P004844,P:P004844
euroleague,P004845,P:P004845
euroleague,P004846,P:P004846
euroleague,P004857,P:P004857
euroleague,P004862,P:P004862
euroleague,P004863,P:P004863
euroleague,P004866,P:P004866
euroleague,P004884,P:P004884
euroleague,P004887,P:P004887
euroleague,P004888,P:P004888
euroleague,P004902,P:P004902
euroleague,P004903,P:P004903
euroleague,P004916,P:P004916
euroleague,P004917,P:P004917
euroleague,P004918,P:P004918
euroleague,P004941,P:P004941
euroleague,P004943,P:P004943
euroleague,P004945,P:P004945
euroleague,P004946,P:P004946
euroleague,P004957,P:P004957
euroleague,P004974,P:P004974
euroleague,P004977,P:P004977
euroleague,P004982,P:P004982
euroleague,P004992,P:P004992
euroleague,P004996,P:P004996
euroleague,P004997,P:P004997
euroleague,P004998,P:P004998
euroleague,P004999,P:P004999
euroleague,P005000,P:P005000
euroleague,P005001,P:P005001
euroleague,P005002,P:P005002
euroleague,P005004,P:P005004
euroleague,P005014,P:P005014
euroleague,P005018,P:P005018
euroleague,P005023,P:P005023
euroleague,P005024,P:P005024
euroleague,P005056,P:P005056
euroleague,P005059,P:P005059
euroleague,P005061,P:P005061
euroleague,P005089,P:P005089
euroleague,P005092,P:P005092
euroleague,P005093,P:P005093
euroleague,P005094,P:P005094
euroleague,P005095,P:P005095
euroleague,P005099,P:P005099
euroleague,P005100,P:P005100
euroleague,P005112,P:P005112
euroleague,P005128,P:P005128
euroleague,P005145,P:P005145
euroleague,P005146,P:P005146
euroleague,P005154,P:P005154
euroleague,P005158,P:P005158
euroleague,P005159,P:P005159
euroleague,P005160,P:P005160
euroleague,P005161,P:P005161
euroleague,P005162,P:P005162
euroleague,P005163,P:P005163
euroleague,P005171,P:P005171
euroleague,P005172,P:P005172
euroleague,P005173,P:P005173
euroleague,P005181,P:P005181
euroleague,P005193,P:P005193
euroleague,P005195,P:P005195
euroleague,P005196,P:P005196
euroleague,P005199,P:P005199
euroleague,P005200,P:P005200
euroleague,P005201,P:P005201
euroleague,P005206,P:P005206
euroleague,P005207,P:P005207
euroleague,P005216,P:P005216
euroleague,P005238,P:P005238
euroleague,P005242,P:P005242
euroleague,P005247,P:P005247
euroleague,P005255,P:P005255
euroleague,P005269,P:P005269
euroleague,P005274,P:P005274
euroleague,P005275,P:P005275
euroleague,P005282,P:P005282
euroleague,P005284,P:P005284
euroleague,P005288,P:P005288
euroleague,P005292,P:P005292
euroleague,P005319,P:P005319
euroleague,P005327,P:P005327
euroleague,P005348,P:P005348
euroleague,P005350,P:P005350
euroleague,P005353,P:P005353
euroleague,P005356,P:P005356
euroleague,P005357,P:P005357
euroleague,P005363,P:P005363
euroleague,P005367,P:P005367
euroleague,P005368,P:P005368
euroleague,P005379,P:P005379
euroleague,P005404,P:P005404
euroleague,P005415,P:P005415
euroleague,P005422,P:P005422
euroleague,P005458,P:P005458
euroleague,P005460,P:P005460
euroleague,P005463,P:P005463
euroleague,P005478,P:P005478
euroleague,P005504,P:P005504
euroleague,P005519,P:P005519
euroleague,P005553,P:P005553
euroleague,P005596,P:P005596
euroleague,P005618,P:P005618
euroleague,P005667,P:P005667
euroleague,P005668,P:P005668
euroleague,P005670,P:P005670
euroleague,P005683,P:P005683
euroleague,P005686,P:P005686
euroleague,P005687,P:P005687
euroleague,P005692,P:P005692
euroleague,P005701,P:P005701
euroleague,P005713,P:P005713
euroleague,P005718,P:P005718
euroleague,P005730,P:P005730
euroleague,P005738,P:P005738
euroleague,P005756,P:P005756
euroleague,P005757,P:P005757
euroleague,P005758,P:P005758
euroleague,P005763,P:P005763
euroleague,P005771,P:P005771
euroleague,P005775,P:P005775
euroleague,P005781,P:P005781
euroleague,P005788,P:P005788
euroleague,P005789,P:P005789
euroleague,P005791,P:P005791
euroleague,P005793,P:P005793
euroleague,P005795,P:P005795
euroleague,P005800,P:P005800
euroleague,P005803,P:P005803
euroleague,P005804,P:P005804
euroleague,P005805,P:P005805
euroleague,P005813,P:P005813
euroleague,P005814,P:P005814
euroleague,P005815,P:P005815
euroleague,P005817,P:P005817
euroleague,P005825,P:P005825
euroleague,P005827,P:P005827
euroleague,P005828,P:P005828
euroleague,P005835,P:P005835
euroleague,P005836,P:P005836
euroleague,P005837,P:P005837
euroleague,P005838,P:P005838
euroleague,P005844,P:P005844
euroleague,P005846,P:P005846
euroleague,P005848,P:P005848
euroleague,P005849,P:P005849
euroleague,P005850,P:P005850
euroleague,P005851,P:P005851
euroleague,P005856,P:P005856
euroleague,P005859,P:P005859
euroleague,P005860,P:P005860
euroleague,P005881,P:P005881
euroleague,P005884,P:P005884
euroleague,P005893,P:P005893
euroleague,P005909,P:P005909
euroleague,P005917,P:P005917
euroleague,P005918,P:P005918
euroleague,P005922,P:P005922
euroleague,P005927,P:P005927
euroleague,P005928,P:P005928
euroleague,P005929,P:P005929
euroleague,P005935,P:P005935
euroleague,P005938,P:P005938
euroleague,P005942,P:P005942
euroleague,P005944,P:P005944
euroleague,P005945,P:P005945
euroleague,P005954,P:P005954
euroleague,P005955,P:P005955
euroleague,P005961,P:P005961
euroleague,P005963,P:P005963
euroleague,P005968,P:P005968
euroleague,P005971,P:P005971
euroleague,P005973,P:P005973
euroleague,P005980,P:P005980
euroleague,P005983,P:P005353
euroleague,P005984,P:P005984
euroleague,P005985,P:P005985
euroleague,P006058,P:P006058
euroleague,P006068,P:P006068
euroleague,P006085,P:P006085
euroleague,P006135,P:P006135
euroleague,P006158,P:P006158
euroleague,P006183,P:P006183
euroleague,P006195,P:P006195
euroleague,P006196,P:P006196
euroleague,P006240,P:P006240
euroleague,P006245,P:P006245
euroleague,P006251,P:P006251
euroleague,P006273,P:P006273
euroleague,P006277,P:P006277
euroleague,P006300,P:P006300
euroleague,P006302,P:P006302
euroleague,P006336,P:P006336
euroleague,P006338,P:P006338
euroleague,P006357,P:P006357
euroleague,P006360,P:P006360
euroleague,P006372,P:P006372
euroleague,P006385,P:P006385
euroleague,P006399,P:P006399
euroleague,P006402,P:P006402
euroleague,P006420,P:P006420
euroleague,P006421,P:P006421
euroleague,P006433,P:P006433
euroleague,P006435,P:P006435
euroleague,P006436,P:P006436
euroleague,P006450,P:P006450
euroleague,P006459,P:P006459
euroleague,P006462,P:P006462
euroleague,P006463,P:P006463
euroleague,P006468,P:P006468
euroleague,P006476,P:P006476
euroleague,P006477,P:P006477
euroleague,P006481,P:P006481
euroleague,P006482,P:P006482
euroleague,P006487,P:P006487
euroleague,P006497,P:P006497
euroleague,P006503,P:P006503
euroleague,P006505,P:P006505
euroleague,P006509,P:P006509
euroleague,P006527,P:P006527
euroleague,P006533,P:P006533
euroleague,P006536,P:P006536
euroleague,P006540,P:P006540
euroleague,P006543,P:P006543
euroleague,P006544,P:P006544
euroleague,P006546,P:P006546
euroleague,P006555,P:P006555
euroleague,P006561,P:P006561
euroleague,P006568,P:P006568
euroleague,P006586,P:P006586
euroleague,P006589,P:P006589
euroleague,P006590,P:P006590
euroleague,P006591,P:P006591
euroleague,P006592,P:P006592
euroleague,P006594,P:P006594
euroleague,P006598,P:P006598
euroleague,P006599,P:P006599
euroleague,P006600,P:P006600
euroleague,P006614,P:P006614
euroleague,P006625,P:P006625
euroleague,P006635,P:P006635
euroleague,P006636,P:P006636
euroleague,P006640,P:P006640
euroleague,P006641,P:P006641
euroleague,P006643,P:P006643
euroleague,P006647,P:P006647
euroleague,P006648,P:P006648
euroleague,P006657,P:P006657
euroleague,P006661,P:P006661
euroleague,P006667,P:P006667
euroleague,P006668,P:P006668
euroleague,P006693,P:P006693
euroleague,P006701,P:P006701
euroleague,P006707,P:P006707
euroleague,P006710,P:P006710
euroleague,P006713,P:P006713
euroleague,P006721,P:P006721
euroleague,P006725,P:P006725
euroleague,P006726,P:P006726
euroleague,P006735,P:P006735
euroleague,P006737,P:P006737
euroleague,P006739,P:P006739
euroleague,P006754,P:P006754
euroleague,P006760,P:P006760
euroleague,P006768,P:P006768
euroleague,P006785,P:P006785
euroleague,P006809,P:P006809
euroleague,P006819,P:P006819
euroleague,P006832,P:P006832
euroleague,P006835,P:P006835
euroleague,P006860,P:P006860
euroleague,P006900,P:P006900
euroleague,P006904,P:P006904
euroleague,P006919,P:P006919
euroleague,P006961,P:P006961
euroleague,P006985,P:P006985
euroleague,P007012,P:P007012
euroleague,P007013,P:P007013
euroleague,P007016,P:P007016
euroleague,P007018,P:P007018
euroleague,P007019,P:P007019
euroleague,P007020,P:P007020
euroleague,P007025,P:P007025
euroleague,P007027,P:P007027
euroleague,P007029,P:P007029
euroleague,P007032,P:P007032
euroleague,P007050,P:P007050
euroleague,P007056,P:P007056
euroleague,P007057,P:P007057
euroleague,P007069,P:P007069
euroleague,P007109,P:P007109
euroleague,P007121,P:P007121
euroleague,P007122,P:P007122
euroleague,P007125,P:P007125
euroleague,P007148,P:P007148
euroleague,P007182,P:P007182
euroleague,P007185,P:P007185
euroleague,P007186,P:P007186
euroleague,P007199,P:P007199
euroleague,P007200,P:P007200
euroleague,P007201,P:P007201
euroleague,P007230,P:P007230
euroleague,P007265,P:P007265
euroleague,P007338,P:P007338
euroleague,P007355,P:P007355
euroleague,P007356,P:P007356
euroleague,P007360,P:P007360
euroleague,P007394,P:P007394
euroleague,P007398,P:P007398
euroleague,P007400,P:P007400
euroleague,P007423,P:P007423
euroleague,P007424,P:P007424
euroleague,P007427,P:P007427
euroleague,P007432,P:P007432
euroleague,P007434,P:P007434
euroleague,P007464,P:P007464
euroleague,P007483,P:P007483
euroleague,P007491,P:P007491
euroleague,P007497,P:P007497
euroleague,P007513,P:P007513
euroleague,P007516,P:P007516
euroleague,P007519,P:P007519
euroleague,P007524,P:P007524
euroleague,P007527,P:P007527
euroleague,P007550,P:P007550
euroleague,P007553,P:P007553
euroleague,P007560,P:P007560
euroleague,P007566,P:P007566
euroleague,P007579,P:P007579
euroleague,P007581,P:P007581
euroleague,P007595,P:P007595
euroleague,P007615,P:P007615
euroleague,P007616,P:P007616
euroleague,P007630,P:P007630
euroleague,P007632,P:P007632
euroleague,P007634,P:P007634
euroleague,P007639,P:P007639
euroleague,P007647,P:P007647
euroleague,P007673,P:P007673
euroleague,P007674,P:P007674
euroleague,P007675,P:P007675
euroleague,P007679,P:P007679
euroleague,P007736,P:P007736
euroleague,P007759,P:P007759
euroleague,P007765,P:P007765
euroleague,P007768,P:P007768
euroleague,P007831,P:P007831
euroleague,P007851,P:P007851
euroleague,P007852,P:P007852
euroleague,P007853,P:P007853
euroleague,P007855,P:P007855
euroleague,P007865,P:P007865
euroleague,P007866,P:P007866
euroleague,P007868,P:P007868
euroleague,P007869,P:P007869
euroleague,P007870,P:P007870
euroleague,P007872,P:P007872
euroleague,P007889,P:P007889
euroleague,P007916,P:P007916
euroleague,P007929,P:P007929
euroleague,P007942,P:P007942
euroleague,P007946,P:P007946
euroleague,P007947,P:P007947
euroleague,P007948,P:P007948
euroleague,P007960,P:P007960
euroleague,P007961,P:P007961
euroleague,P007969,P:P007969
euroleague,P007975,P:P007975
euroleague,P007982,P:P007982
euroleague,P007988,P:P007988
euroleague,P007989,P:P007989
euroleague,P007990,P:P007990
euroleague,P007991,P:P007991
euroleague,P007992,P:P007992
euroleague,P007993,P:P007993
euroleague,P007994,P:P007994
euroleague,P007995,P:P007995
euroleague,P007996,P:P007996
euroleague,P007997,P:P007997
euroleague,P007998,P:P007998
euroleague,P008001,P:P008001
euroleague,P008002,P:P008002
euroleague,P008003,P:P008003
euroleague,P008004,P:P008004
euroleague,P008014,P:P008014
euroleague,P008015,P:P008015
euroleague,P008032,P:P008032
euroleague,P008038,P:P008038
euroleague,P008041,P:P008041
euroleague,P008042,P:P008042
euroleague,P008049,P:P008049
euroleague,P008052,P:P008052
euroleague,P008062,P:P008062
euroleague,P008066,P:P008066
euroleague,P008072,P:P008072
euroleague,P008084,P:P008084
euroleague,P008097,P:P008097
euroleague,P008099,P:P008099
euroleague,P008104,P:P008104
euroleague,P008108,P:P008108
euroleague,P008137,P:P008137
euroleague,P008140,P:P008140
euroleague,P008152,P:P008152
euroleague,P008161,P:P008161
euroleague,P008163,P:P008163
euroleague,P008173,P:P008173
euroleague,P008174,P:P008174
euroleague,P008176,P:P008176
euroleague,P008177,P:P008177
euroleague,P008186,P:P008186
euroleague,P008192,P:P008192
euroleague,P008198,P:P008198
euroleague,P008211,P:P008211
euroleague,P008232,P:P008232
euroleague,P008250,P:P008250
euroleague,P008253,P:P008253
euroleague,P008282,P:P008282
euroleague,P008296,P:P008296
euroleague,P008325,P:P008325
euroleague,P008348,P:P008348
euroleague,P008384,P:P008384
euroleague,P008780,P:P008780
euroleague,P008796,P:P008796
euroleague,P008800,P:P008800
euroleague,P008801,P:P008801
euroleague,P008807,P:P008807
euroleague,P008811,P:P008811
euroleague,P008820,P:P008820
euroleague,P008823,P:P008823
euroleague,P008829,P:P008829
euroleague,P008847,P:P008847
euroleague,P008850,P:P008850
euroleague,P008851,P:P008851
euroleague,P008855,P:P008855
euroleague,P008856,P:P008856
euroleague,P008857,P:P008857
euroleague,P008858,P:P008858
euroleague,P008923,P:P008923
euroleague,P008930,P:P008930
euroleague,P008946,P:P008946
euroleague,P008961,P:P008961
euroleague,P008962,P:P008962
euroleague,P008966,P:P008966
euroleague,P008967,P:P008967
euroleague,P008977,P:P008977
euroleague,P008985,P:P008985
euroleague,P008987,P:P008987
euroleague,P008989,P:P008989
euroleague,P008991,P:P008991
euroleague,P008995,P:P008995
euroleague,P009003,P:P009003
euroleague,P009004,P:P009004
euroleague,P009005,P:P009005
euroleague,P009006,P:P009006
euroleague,P009022,P:P009022
euroleague,P009030,P:P009030
euroleague,P009033,P:P009033
euroleague,P009035,P:P009035
euroleague,P009037,P:P009037
euroleague,P009048,P:P009048
euroleague,P009051,P:P009051
euroleague,P009056,P:P009056
euroleague,P009088,P:P009088
euroleague,P009101,P:P009101
euroleague,P009105,P:P009105
euroleague,P009132,P:P009132
euroleague,P009212,P:P009212
euroleague,P009213,P:P009213
euroleague,P009227,P:P009227
euroleague,P009298,P:P009298
euroleague,P009299,P:P009299
euroleague,P009328,P:P009328
euroleague,P009449,P:P009449
euroleague,P009465,P:P009465
euroleague,P009472,P:P009472
euroleague,P009473,P:P009473
euroleague,P009513,P:P009513
euroleague,P009537,P:P009537
euroleague,P009540,P:P009540
euroleague,P009549,P:P009549
euroleague,P009553,P:P009553
euroleague,P009556,P:P009556
euroleague,P009578,P:P009578
euroleague,P009580,P:P009580
euroleague,P009600,P:P009600
euroleague,P009601,P:P009601
euroleague,P009622,P:P009622
euroleague,P009664,P:P009664
euroleague,P009723,P:P009723
euroleague,P009733,P:P009733
euroleague,P009748,P:P009748
euroleague,P009752,P:P009752
euroleague,P009753,P:P009753
euroleague,P009754,P:P009754
euroleague,P009766,P:P009766
euroleague,P009767,P:P009767
euroleague,P009782,P:P009782
euroleague,P009783,P:P009783
euroleague,P009816,P:P009816
euroleague,P009817,P:P009817
euroleague,P009818,P:P009818
euroleague,P009834,P:P009834
euroleague,P009835,P:P009835
euroleague,P009836,P:P009836
euroleague,P009842,P:P009842
euroleague,P009846,P:P009846
euroleague,P009847,P:P009847
euroleague,P009848,P:P009848
euroleague,P009849,P:P009849
euroleague,P009862,P:P009862
euroleague,P009863,P:P009863
euroleague,P009864,P:P009864
euroleague,P009866,P:P009866
euroleague,P009877,P:P009877
euroleague,P009888,P:P009888
euroleague,P009902,P:P009902
euroleague,P009903,P:P009903
euroleague,P009917,P:P009917
euroleague,P009918,P:P009918
euroleague,P009923,P:P009923
euroleague,P009946,P:P009946
euroleague,P009947,P:P009947
euroleague,P009948,P:P009948
euroleague,P009960,P:P009960
euroleague,P009992,P:P009992
euroleague,P010035,P:P010035
euroleague,P010042,P:P010042
euroleague,P010057,P:P010057
euroleague,P010062,P:P010062
euroleague,P010063,P:P010063
euroleague,P010093,P:P010093
euroleague,P010100,P:P010100
euroleague,P010105,P:P010105
euroleague,P010106,P:P010106
euroleague,P010107,P:P010107
euroleague,P010150,P:P010150
euroleague,P010162,P:P010162
euroleague,P010184,P:P010184
euroleague,P010185,P:P010185
euroleague,P010190,P:P010190
euroleague,P010254,P:P010254
euroleague,P010307,P:P010307
euroleague,P010316,P:P010316
euroleague,P010318,P:P010318
euroleague,P010319,P:P010319
euroleague,P010355,P:P010355
euroleague,P010357,P:P010357
euroleague,P010385,P:P010385
euroleague,P010386,P:P010386
euroleague,P010389,P:P010389
euroleague,P010390,P:P010390
euroleague,P010391,P:P010391
euroleague,P010392,P:P010392
euroleague,P010393,P:P010393
euroleague,P010394,P:P010394
euroleague,P010400,P:P010400
euroleague,P010413,P:P010413
euroleague,P010414,P:P010414
euroleague,P010428,P:P010428
euroleague,P010431,P:P010431
euroleague,P010444,P:P010444
euroleague,P010458,P:P010458
euroleague,P010465,P:P010465
euroleague,P010467,P:P010467
euroleague,P010516,P:P010516
euroleague,P010545,P:P010545
euroleague,P010549,P:P010549
euroleague,P010550,P:P010550
euroleague,P010560,P:P010560
euroleague,P010568,P:P010568
euroleague,P010569,P:P010569
euroleague,P010581,P:P010581
euroleague,P010588,P:P010588
euroleague,P010603,P:P010603
euroleague,P010612,P:P010612
euroleague,P010623,P:P010623
euroleague,P010628,P:P010628
euroleague,P010631,P:P010631
euroleague,P010641,P:P010641
euroleague,P010652,P:P010652
euroleague,P010653,P:P010653
euroleague,P010654,P:P010654
euroleague,P010677,P:P010677
euroleague,P010683,P:P010683
euroleague,P010718,P:P010718
euroleague,P010750,P:P010750
euroleague,P010754,P:P010754
euroleague,P010776,P:P010776
euroleague,P010781,P:P010781
euroleague,P010784,P:P010784
euroleague,P010788,P:P010788
euroleague,P010791,P:P010791
euroleague,P010798,P:P010798
euroleague,P010824,P:P010824
euroleague,P010857,P:P010857
euroleague,P010868,P:P010868
euroleague,P010985,P:P010985
euroleague,P011050,P:P011050
euroleague,P011051,P:P011051
euroleague,P011052,P:P011052
euroleague,P011064,P:P011064
euroleague,P011078,P:P011078
euroleague,P011085,P:P011085
euroleague,P011157,P:P011157
euroleague,P011192,P:P011192
euroleague,P011193,P:P011193
euroleague,P011194,P:P011194
euroleague,P011196,P:P011196
euroleague,P011199,P:P011199
euroleague,P011200,P:P011200
euroleague,P011201,P:P011201
euroleague,P011202,P:P011202
euroleague,P011204,P:P011204
euroleague,P011205,P:P011205
euroleague,P011206,P:P011206
euroleague,P011209,P:P011209
euroleague,P011212,P:P011212
euroleague,P011214,P:P011214
euroleague,P011217,P:P011217
euroleague,P011218,P:P011218
euroleague,P011219,P:P011219
euroleague,P011220,P:P011220
euroleague,P011221,P:P011221
euroleague,P011223,P:P011223
euroleague,P011224,P:P011224
euroleague,P011225,P:P011225
euroleague,P011226,P:P011226
euroleague,P011231,P:P011231
euroleague,P011234,P:P011234
euroleague,P011236,P:P011236
euroleague,P011239,P:P011239
euroleague,P011242,P:P011242
euroleague,P011243,P:P011243
euroleague,P011244,P:P011244
euroleague,P011247,P:P011247
euroleague,P011248,P:P011248
euroleague,P011261,P:P011261
euroleague,P011263,P:P011263
euroleague,P011264,P:P011264
euroleague,P011281,P:P011281
euroleague,P011284,P:P011284
euroleague,P011286,P:P011286
euroleague,P011302,P:P011302
euroleague,P011305,P:P011305
euroleague,P011307,P:P011307
euroleague,P011313,P:P011313
euroleague,P011317,P:P011317
euroleague,P011330,P:P011330
euroleague,P011386,P:P011386
euroleague,P011396,P:P011396
euroleague,P011433,P:P011433
euroleague,P011442,P:P011442
euroleague,P011620,P:P011620
euroleague,P011626,P:P011626
euroleague,P011631,P:P011631
euroleague,P011649,P:P011649
euroleague,P011666,P:P011666
euroleague,P011686,P:P011686
euroleague,P011816,P:P011816
euroleague,P011823,P:P011823
euroleague,P011826,P:P011826
euroleague,P011836,P:P011836
euroleague,P011925,P:P011925
euroleague,P011926,P:P011926
euroleague,P011927,P:P011927
euroleague,P011934,P:P011934
euroleague,P011935,P:P011935
euroleague,P011936,P:P011936
euroleague,P011937,P:P011937
euroleague,P011938,P:P011938
euroleague,P011939,P:P011939
euroleague,P011940,P:P011940
euroleague,P011941,P:P011941
euroleague,P011948,P:P011948
euroleague,P011949,P:P011949
euroleague,P011963,P:P011963
euroleague,P011964,P:P011964
euroleague,P011965,P:P011965
euroleague,P011967,P:P011967
euroleague,P011970,P:P011970
euroleague,P011971,P:P011971
euroleague,P011972,P:P011972
euroleague,P011973,P:P011973
euroleague,P011974,P:P011974
euroleague,P011980,P:P011980
euroleague,P011981,P:P011981
euroleague,P011982,P:P011982
euroleague,P011983,P:P011983
euroleague,P011987,P:P011987
euroleague,P012023,P:P012023
euroleague,P012044,P:P012044
euroleague,P012056,P:P012056
euroleague,P012058,P:P012058
euroleague,P012068,P:P012068
euroleague,P012080,P:P012080
euroleague,P012095,P:P012095
euroleague,P012096,P:P012096
euroleague,P012099,P:P012099
euroleague,P012100,P:P012100
euroleague,P012103,P:P012103
euroleague,P012113,P:P012113
euroleague,P012123,P:P012123
euroleague,P012126,P:P012126
euroleague,P012167,P:P012167
euroleague,P012168,P:P012168
euroleague,P012181,P:P012181
euroleague,P012197,P:P012197
euroleague,P012199,P:P012199
euroleague,P012201,P:P012201
euroleague,P012203,P:P012203
euroleague,P012259,P:P012259
euroleague,P012263,P:P012263
euroleague,P012268,P:P012268
euroleague,P012298,P:P012298
euroleague,P012317,P:P012317
euroleague,P012365,P:P012365
euroleague,P012403,P:P012403
euroleague,P012405,P:P012405
euroleague,P012406,P:P012406
euroleague,P012415,P:P012415
euroleague,P012515,P:P012515
euroleague,P012585,P:P012585
euroleague,P012591,P:P012591
euroleague,P012593,P:P012593
euroleague,P012597,P:P012597
euroleague,P012604,P:P012604
euroleague,P012606,P:P012606
euroleague,P012608,P:P012608
euroleague,P012609,P:P012609
euroleague,P012610,P:P012610
euroleague,P012611,P:P012611
euroleague,P012612,P:P012612
euroleague,P012613,P:P012613
euroleague,P012618,P:P012618
euroleague,P012622,P:P012622
euroleague,P012640,P:P012640
euroleague,P012687,P:P012687
euroleague,P012709,P:P012709
euroleague,P012710,P:P012710
euroleague,P012711,P:P012711
euroleague,P012712,P:P012712
euroleague,P012713,P:P012713
euroleague,P012714,P:P012714
euroleague,P012715,P:P012715
euroleague,P012720,P:P012720
euroleague,P012721,P:P012721
euroleague,P012724,P:P012724
euroleague,P012729,P:P012729
euroleague,P012730,P:P012730
euroleague,P012731,P:P012731
euroleague,P012732,P:P012732
euroleague,P012738,P:P012738
euroleague,P012739,P:P012739
euroleague,P012740,P:P012740
euroleague,P012742,P:P012742
euroleague,P012743,P:P012743
euroleague,P012744,P:P012744
euroleague,P012745,P:P012745
euroleague,P012765,P:P012765
euroleague,P012774,P:P012774
euroleague,P012784,P:P012784
euroleague,P012786,P:P012786
euroleague,P012787,P:P012787
euroleague,P012788,P:P012788
euroleague,P012795,P:P012795
euroleague,P012796,P:P012796
euroleague,P012800,P:P012800
euroleague,P012801,P:P012801
euroleague,P012878,P:P012878
euroleague,P012885,P:P012885
euroleague,P012943,P:P012943
euroleague,P012977,P:P012977
euroleague,P012997,P:P012997
euroleague,P013027,P:P013027
euroleague,P013028,P:P013028
euroleague,P013250,P:P013250
euroleague,P013269,P:P013269
euroleague,P013283,P:P013283
euroleague,P013284,P:P013284
euroleague,P013289,P:P013289
euroleague,P013290,P:P013290
euroleague,P013304,P:P013304
euroleague,P013363,P:P013363
euroleague,P013364,P:P013364
euroleague,P013365,P:P013365
euroleague,P013367,P:P013367
euroleague,P013368,P:P013368
euroleague,P013369,P:P013369
euroleague,P013370,P:P013370
euroleague,P013371,P:P013371
euroleague,P013372,P:P013372
euroleague,P013373,P:P013373
euroleague,P013374,P:P013374
euroleague,P013377,P:P013377
euroleague,P013378,P:P013378
euroleague,P013379,P:P013379
euroleague,P013380,P:P013380
euroleague,P013381,P:P013381
euroleague,P013382,P:P013382
euroleague,P013383,P:P013383
euroleague,P013384,P:P013384
euroleague,P013385,P:P013385
euroleague,P013386,P:P013386
euroleague,P013389,P:P013389
euroleague,P013396,P:P013396
euroleague,P013402,P:P013402
euroleague,P013403,P:P013403
euroleague,P013405,P:P013405
euroleague,P013505,P:P013505
euroleague,P013514,P:P013514
euroleague,P013555,P:P013555
euroleague,P013666,P:P013666
euroleague,P013667,P:P013667
euroleague,P013695,P:P013695
euroleague,P013696,P:P013696
euroleague,P013699,P:P013699
euroleague,P013774,P:P013774
euroleague,P013775,P:P013775
euroleague,P014004,P:P014004
euroleague,P014005,P:P014005
euroleague,P014006,P:P014006
euroleague,P014007,P:P014007
euroleague,P014008,P:P014008
euroleague,P014009,P:P014009
euroleague,P014010,P:P014010
euroleague,P014011,P:P014011
euroleague,P014012,P:P014012
euroleague,P014013,P:P014013
euroleague,P014014,P:P014014
euroleague,P014015,P:P014015
euroleague,P014016,P:P014016
euroleague,P014025,P:P014025
euroleague,P014026,P:P014026
euroleague,P014027,P:P014027
euroleague,P014028,P:P014028
euroleague,P014029,P:P014029
euroleague,P014031,P:P014031
euroleague,P014086,P:P014086
euroleague,P014088,P:P014088
euroleague,P014094,P:P014094
euroleague,P014102,P:P014102
euroleague,P014105,P:P014105
euroleague,P014107,P:P014107
euroleague,P014108,P:P014108
euroleague,P014115,P:P014115
euroleague,P014117,P:P014117
euroleague,P014119,P:P014119
euroleague,P014120,P:P014120
euroleague,P014121,P:P014121
euroleague,P014122,P:P014122
euroleague,P014123,P:P014123
euroleague,P014124,P:P014124
euroleague,P014127,P:P014127
euroleague,P014128,P:P014128
euroleague,P014133,P:P014133
euroleague,P014134,P:P014134
euroleague,P014141,P:P014141
euroleague,P014152,P:P014152
euroleague,P014157,P:P014157
euroleague,P014162,P:P014162
euroleague,P014163,P:P014163
euroleague,P014168,P:P014168
euroleague,P014169,P:P014169
euroleague,P014177,P:P014177
euroleague,P014178,P:P014178
euroleague,P014190,P:P014190
euroleague,P014207,P:P014207
euroleague,P014212,P:P014212
euroleague,P014213,P:P014213
euroleague,P014219,P:P014219
euroleague,P014220,P:P014220
euroleague,P014316,P:P014316
euroleague,P014416,P:P014416
euroleague,PAAS,P:PAAS
euroleague,PAAX,P:PAAX
euroleague,PABB,P:PABB
euroleague,PABC,P:PABC
euroleague,PABG,P:PABG
euroleague,PABI,P:PABI
euroleague,PABK,P:PABK
euroleague,PABN,P:PABN
euroleague,PACJ,P:PACJ
euroleague,PACK,P:PACK
euroleague,PACN,P:PACN
euroleague,PACQ,P:PACQ
euroleague,PACX,P:PACX
euroleague,PACY,P:PACY
euroleague,PADB,P:PADB
euroleague,PADF,P:PADF
euroleague,PADG,P:PADG
euroleague,PADI,P:PADI
euroleague,PADP,P:PADP
euroleague,PADS,P:PADS
euroleague,PADX,P:PADX
euroleague,PAFB,P:PAFB
euroleague,PAFC,P:PAFC
euroleague,PAFG,P:PAFG
euroleague,PAFI,P:PAFI
euroleague,PAFJ,P:PAFJ
euroleague,PAFL,P:PAFL
euroleague,PAFP,P:PAFP
euroleague,PAFQ,P:PAFQ
euroleague,PAFY,P:PAFY
euroleague,PAGG,P:PAGG
euroleague,PAGH,P:PAGH
euroleague,PAGI,P:PAGI
euroleague,PAGP,P:PAGP
euroleague,PAGQ,P:PAGQ
euroleague,PAGU,P:PAGU
euroleague,PAGW,P:PAGW
euroleague,PAHS,P:PAHS
euroleague,PAHT,P:PAHT
euroleague,PAHU,P:PAHU
euroleague,PAHV,P:PAHV
euroleague,PAHW,P:PAHW
euroleague,PAHX,P:PAHX
euroleague,PAIH,P:PAIH
euroleague,PAIQ,P:PAIQ
euroleague,PAIS,P:PAIS
euroleague,PAIT,P:PAIT
euroleague,PAIV,P:PAIV
euroleague,PAJC,P:PAJC
euroleague,PAJG,P:PAJG
euroleague,PAJK,P:PAJK
euroleague,PAJO,P:PAJO
euroleague,PAJV,P:PAJV
euroleague,PAKT,P:PAKT
euroleague,PALC,P:PALC
euroleague,PALG,P:PALG
euroleague,PALR,P:PALR
euroleague,PAMM,P:PAMM
euroleague,PAMP,P:PAMP
euroleague,PANB,P:PANB
euroleague,PAND,P:PAND
euroleague,PANE,P:PANE
euroleague,PANH,P:PANH
euroleague,PANM,P:PANM
euroleague,PANY,P:PANY
euroleague,PAOC,P:PAOC
euroleague,PAON,P:PAON
euroleague,PAOU,P:PAOU
euroleague,PAOY,P:PAOY
euroleague,PAOZ,P:PAOZ
euroleague,PAPB,P:PAPB
euroleague,PAPC,P:PAPC
euroleague,PAPH,P:PAPH
euroleague,PAPI,P:PAPI
euroleague,PAPL,P:PAPL
euroleague,PAPP,P:PAPP
euroleague,PAPR,P:PAPR
euroleague,PAPS,P:PAPS
euroleague,PAPT,P:PAPT
euroleague,PAPY,P:PAPY
euroleague,PAQA,P:PAQA
euroleague,PAQE,P:PAQE
euroleague,PAQO,P:PAQO
euroleague,PAQU,P:PAQU
euroleague,PAQX,P:PAQX
euroleague,PARF,P:PARF
euroleague,PARN,P:PARN
euroleague,PARO,P:PARO
euroleague,PARR,P:PARR
euroleague,PARV,P:PARV
euroleague,PASB,P:PASB
euroleague,PASG,P:PASG
euroleague,PATA,P:PATA
euroleague,PATF,P:PATF
euroleague,PATH,P:PATH
euroleague,PATP,P:PATP
euroleague,PATS,P:PATS
euroleague,PATW,P:PATW
euroleague,PAUC,P:PAUC
euroleague,PAUI,P:PAUI
euroleague,PAUL,P:PAUL
euroleague,PAUO,P:PAUO
euroleague,PAUP,P:PAUP
euroleague,PAUQ,P:PAUQ
euroleague,PAUT,P:PAUT
euroleague,PAVD,P:PAVD
euroleague,PAVJ,P:PAVJ
euroleague,PAVV,P:PAVV
euroleague,PAWH,P:PAWH
euroleague,PAWM,P:PAWM
euroleague,PAWN,P:PAWN
euroleague,PAWO,P:PAWO
euroleague,PAWP,P:PAWP
euroleague,PAWQ,P:PAWQ
euroleague,PAWR,P:PAWR
euroleague,PAWS,P:PAWS
euroleague,PAWX,P:PAWX
euroleague,PAXC,P:PAXC
euroleague,PAYR,P:PAYR
euroleague,PAYU,P:PAYU
euroleague,PAZH,P:PAZH
euroleague,PAZK,P:PAZK
euroleague,PAZU,P:PAZU
euroleague,PAZW,P:PAZW
euroleague,PBAE,P:PBAE
euroleague,PBAO,P:PBAO
euroleague,PBAP,P:PBAP
euroleague,PBBE,P:PBBE
euroleague,PBBY,P:PBBY
euroleague,PBCA,P:PBCA
euroleague,PBCB,P:PBCB
euroleague,PBCC,P:PBCC
euroleague,PBCE,P:PBCE
euroleague,PBCM,P:PBCM
euroleague,PBCN,P:PBCN
euroleague,PBCP,P:PBCP
euroleague,PBCQ,P:PBCQ
euroleague,PBCS,P:PBCS
euroleague,PBCV,P:PBCV
euroleague,PBCW,P:PBCW
euroleague,PBCY,P:PBCY
euroleague,PBDB,P:PBDB
euroleague,PBDC,P:PBDC
euroleague,PBDE,P:PBDE
euroleague,PBDF,P:PBDF
euroleague,PBDH,P:PBDH
euroleague,PBDK,P:PBDK
euroleague,PBDQ,P:PBDQ
euroleague,PBEB,P:PBEB
euroleague,PBED,P:PBED
euroleague,PBEJ,P:PBEJ
euroleague,PBEM,P:PBEM
euroleague,PBES,P:PBES
euroleague,PBEW,P:PBEW
euroleague,PBEZ,P:PBEZ
euroleague,PBFB,P:PBFB
euroleague,PBFE,P:PBFE
euroleague,PBFF,P:PBFF
euroleague,PBFG,P:PBFG
euroleague,PBFJ,P:PBFJ
euroleague,PBFQ,P:PBFQ
euroleague,PBFR,P:PBFR
euroleague,PBFT,P:PBFT
euroleague,PBFX,P:PBFX
euroleague,PBFY,P:PBFY
euroleague,PBGD,P:PBGD
euroleague,PBGI,P:PBGI
euroleague,PBGJ,P:PBGJ
euroleague,PBGO,P:PBGO
euroleague,PBGQ,P:PBGQ
euroleague,PBGV,P:PBGV
euroleague,PBHF,P:PBHF
euroleague,PBHN,P:PBHN
euroleague,PBHR,P:PBHR
euroleague,PBIM,P:PBIM
euroleague,PBIX,P:PBIX
euroleague,PBJB,P:PBJB
euroleague,PBJR,P:PBJR
euroleague,PBKE,P:PBKE
euroleague,PBKK,P:PBKK
euroleague,PBKM,P:PBKM
euroleague,PBKY,P:PBKY
euroleague,PBLH,P:PBLH
euroleague,PBMK,P:PBMK
euroleague,PBMT,P:PBMT
euroleague,PBMV,P:PBMV
euroleague,PBNW,P:PBNW
euroleague,PBOD,P:PBOD
euroleague,PBOF,P:PBOF
euroleague,PBOG,P:PBOG
euroleague,PBOS,P:PBOS
euroleague,PBOV,P:PBOV
euroleague,PBOX,P:PBOX
euroleague,PBPB,P:PBPB
euroleague,PBPN,P:PBPN
euroleague,PBPV,P:PBPV
euroleague,PBQK,P:PBQK
euroleague,PBRB,P:PBRB
euroleague,PBRQ,P:PBRQ
euroleague,PBRS,P:PBRS
euroleague,PBTG,P:PBTG
euroleague,PBTO,P:PBTO
euroleague,PBTR,P:PBTR
euroleague,PBTS,P:PBTS
euroleague,PBUA,P:PBUA
euroleague,PBUF,P:PBUF
euroleague,PBUL,P:PBUL
euroleague,PBUU,P:PBUU
euroleague,PBUV,P:PBUV
euroleague,PBUW,P:PBUW
euroleague,PBUX,P:PBUX
euroleague,PBUZ,P:PBUZ
euroleague,PBVC,P:PBVC
euroleague,PBVE,P:PBVE
euroleague,PBVP,P:PBVP
euroleague,PBWI,P:PBWI
euroleague,PBWK,P:PBWK
euroleague,PBWL,P:PBWL
euroleague,PBWM,P:PBWM
euroleague,PBWY,P:PBWY
euroleague,PBWZ,P:PBWZ
euroleague,PBXA,P:PBXA
euroleague,PBXD,P:PBXD
euroleague,PBXE,P:PBXE
euroleague,PBXK,P:PBXK
euroleague,PBXO,P:PBXO
euroleague,PBXR,P:PBXR
euroleague,PBZO,P:PBZO
euroleague,PBZQ,P:PBZQ
euroleague,PBZT,P:PBZT
euroleague,PBZW,P:PBZW
euroleague,PCBV,P:PCBV
euroleague,PCBX,P:PCBX
euroleague,PCBY,P:PCBY
euroleague,PCCA,P:PCCA
euroleague,PCCD,P:PCCD
euroleague,PCCH,P:PCCH
euroleague,PCCI,P:PCCI
euroleague,PCFN,P:PCFN
euroleague,PCHX,P:PCHX
euroleague,PCHZ,P:PCHZ
euroleague,PCIA,P:PCIA
euroleague,PCIT,P:PCIT
euroleague,PCIU,P:PCIU
euroleague,PCIW,P:PCIW
euroleague,PCIZ,P:PCIZ
euroleague,PCJA,P:PCJA
euroleague,PCJB,P:PCJB
euroleague,PCJE,P:PCJE
euroleague,PCJF,P:PCJF
euroleague,PCKI,P:PCKI
euroleague,PCKZ,P:PCKZ
euroleague,PCLC,P:PCLC
euroleague,PCLL,P:PCLL
euroleague,PCLQ,P:PCLQ
euroleague,PCLR,P:PCLR
euroleague,PCLW,P:PCLW
euroleague,PCMF,P:PCMF
euroleague,PCNZ,P:PCNZ
euroleague,PCOB,P:PCOB
euroleague,PCOC,P:PCOC
euroleague,PCOH,P:PCOH
euroleague,PCOS,P:PCOS
euroleague,PCOX,P:PCOX
euroleague,PCPF,P:PCPF
euroleague,PCPR,P:PCPR
euroleague,PCPS,P:PCPS
euroleague,PCQD,P:PCQD
euroleague,PCQJ,P:PCQJ
euroleague,PCQO,P:PCQO
euroleague,PCRF,P:PCRF
euroleague,PCRM,P:PCRM
euroleague,PCRR,P:PCRR
euroleague,PCRU,P:PCRU
euroleague,PCSI,P:PCSI
euroleague,PCSW,P:PCSW
euroleague,PCTI,P:PCTI
euroleague,PCTN,P:PCTN
euroleague,PCTS,P:PCTS
euroleague,PCUG,P:PCUG
euroleague,PCVM,P:PCVM
euroleague,PCWH,P:PCWH
euroleague,PDBE,P:PDBE
euroleague,PDGX,P:PDGX
euroleague,PDHD,P:PDHD
euroleague,PDHF,P:PDHF
euroleague,PDHI,P:PDHI
euroleague,PDID,P:PDID
euroleague,PDIJ,P:PDIJ
euroleague,PDIK,P:PDIK
euroleague,PJAB,P:PJAB
euroleague,PJAN,P:PJAN
euroleague,PJAV,P:PJAV
euroleague,PJBJ,P:PJBJ
euroleague,PJBX,P:PJBX
euroleague,PJCC,P:PJCC
euroleague,PJCF,P:PJCF
euroleague,PJCL,P:PJCL
euroleague,PJCS,P:PJCS
euroleague,PJDQ,P:PJDQ
euroleague,PJDR,P:PJDR
euroleague,PJDU,P:PJDU
euroleague,PJDZ,P:PJDZ
euroleague,PJEA,P:PJEA
euroleague,PJEI,P:PJEI
euroleague,PJEQ,P:PJEQ
euroleague,PJFO,P:PJFO
euroleague,PJFX,P:PJFX
euroleague,PJGM,P:PJGM
euroleague,PJHL,P:PJHL
euroleague,PJHV,P:PJHV
euroleague,PJIR,P:PJIR
euroleague,PJIS,P:PJIS
euroleague,PJIV,P:PJIV
euroleague,PJIX,P:PJIX
euroleague,PJJF,P:PJJF
euroleague,PJJH,P:PJJH
euroleague,PJJN,P:PJJN
euroleague,PJJS,P:PJJS
euroleague,PJJU,P:PJJU
euroleague,PJJV,P:PJJV
euroleague,PJJY,P:PJJY
euroleague,PJJZ,P:PJJZ
euroleague,PJKL,P:PJKL
euroleague,PJKM,P:PJKM
euroleague,PJKN,P:PJKN
euroleague,PJKO,P:PJKO
euroleague,PJKP,P:PJKP
euroleague,PJLA,P:PJLA
euroleague,PJLX,P:PJLX
euroleague,PJMF,P:PJMF
euroleague,PJMH,P:PJMH
euroleague,PJMM,P:PJMM
euroleague,PJMR,P:PJMR
euroleague,PJMS,P:PJMS
euroleague,PJNL,P:PJNL
euroleague,PJNN,P:PJNN
euroleague,PJNP,P:PJNP
euroleague,PJNX,P:PJNX
euroleague,PJOB,P:PJOB
euroleague,PJOC,P:PJOC
euroleague,PJPE,P:PJPE
euroleague,PJPF,P:PJPF
euroleague,PJPJ,P:PJPJ
euroleague,PJPP,P:PJPP
euroleague,PJPR,P:PJPR
euroleague,PJQE,P:PJQE
euroleague,PJQH,P:PJQH
euroleague,PJQI,P:PJQI
euroleague,PJQS,P:PJQS
euroleague,PJRC,P:PJRC
euroleague,PJRD,P:PJRD
euroleague,PJRF,P:PJRF
euroleague,PJSE,P:PJSE
euroleague,PJSR,P:PJSR
euroleague,PJSS,P:PJSS
euroleague,PJSU,P:PJSU
euroleague,PJTH,P:PJTH
euroleague,PJTT,P:PJTT
euroleague,PJUG,P:PJUG
euroleague,PJUH,P:PJUH
euroleague,PJUJ,P:PJUJ
euroleague,PJUO,P:PJUO
euroleague,PJUP,P:PJUP
euroleague,PJVE,P:PJVE
euroleague,PJVK,P:PJVK
euroleague,PJWO,P:PJWO
euroleague,PJXC,P:PJXC
euroleague,PJXK,P:PJXK
euroleague,PJXU,P:PJXU
euroleague,PJXV,P:PJXV
euroleague,PJXX,P:PJXX
euroleague,PJYB,P:PJYB
euroleague,PJYE,P:PJYE
euroleague,PJYF,P:PJYF
euroleague,PJZH,P:PJZH
euroleague,PJZJ,P:PJZJ
euroleague,PJZN,P:PJZN
euroleague,PKAX,P:PKAX
euroleague,PKBD,P:PKBD
euroleague,PKBJ,P:PKBJ
euroleague,PKBV,P:PKBV
euroleague,PKCH,P:PKCH
euroleague,PKFH,P:PKFH
euroleague,PKGH,P:PKGH
euroleague,PKHU,P:PKHU
euroleague,PKIG,P:PKIG
euroleague,PKIN,P:PKIN
euroleague,PKIR,P:PKIR
euroleague,PKIW,P:PKIW
euroleague,PKJP,P:PKJP
euroleague,PKKI,P:PKKI
euroleague,PKLN,P:PKLN
euroleague,PKLS,P:PKLS
euroleague,PKLT,P:PKLT
euroleague,PKMF,P:PKMF
euroleague,PKMG,P:PKMG
euroleague,PKML,P:PKML
euroleague,PKMO,P:PKMO
euroleague,PKMV,P:PKMV
euroleague,PKMZ,P:PKMZ
euroleague,PKNA,P:PKNA
euroleague,PKNB,P:PKNB
euroleague,PKNG,P:PKNG
euroleague,PKNH,P:PKNH
euroleague,PKNI,P:PKNI
euroleague,PKNK,P:PKNK
euroleague,PKNN,P:PKNN
euroleague,PKNO,P:PKNO
euroleague,PKNS,P:PKNS
euroleague,PKNZ,P:PKNZ
euroleague,PKOD,P:PKOD
euroleague,PKOE,P:PKOE
euroleague,PKOH,P:PKOH
euroleague,PKOJ,P:PKOJ
euroleague,PKOK,P:PKOK
euroleague,PKON,P:PKON
euroleague,PKOO,P:PKOO
euroleague,PKOS,P:PKOS
euroleague,PKPC,P:PKPC
euroleague,PKPD,P:PKPD
euroleague,PKPH,P:PKPH
euroleague,PKPM,P:PKPM
euroleague,PKPQ,P:PKPQ
euroleague,PKPV,P:PKPV
euroleague,PKPW,P:PKPW
euroleague,PKQI,P:PKQI
euroleague,PKQM,P:PKQM
euroleague,PKRD,P:PKRD
euroleague,PKRF,P:PKRF
euroleague,PKRH,P:PKRH
euroleague,PKRK,P:PKRK
euroleague,PKSF,P:PKSF
euroleague,PKSH,P:PKSH
euroleague,PKSP,P:PKSP
euroleague,PKSU,P:PKSU
euroleague,PKTP,P:PKTP
euroleague,PKVK,P:PKVK
euroleague,PKVL,P:PKVL
euroleague,PKVM,P:PKVM
euroleague,PKVO,P:PKVO
euroleague,PKVZ,P:PKVZ
euroleague,PKWC,P:PKWC
euroleague,PKWG,P:PKWG
euroleague,PKWH,P:PKWH
euroleague,PKWI,P:PKWI
euroleague,PKWY,P:PKWY
euroleague,PKXF,P:PKXF
euroleague,PKXL,P:PKXL
euroleague,PKXO,P:PKXO
euroleague,PKYC,P:PKYC
euroleague,PKZA,P:PKZA
euroleague,PKZD,P:PKZD
euroleague,PKZY,P:PKZY
euroleague,PLBJ,P:PLBJ
euroleague,PLBZ,P:PLBZ
euroleague,PLCC,P:PLCC
euroleague,PLCE,P:PLCE
euroleague,PLCK,P:PLCK
euroleague,PLCR,P:PLCR
euroleague,PLCT,P:PLCT
euroleague,PLCW,P:PLCW
euroleague,PLCZ,P:PLCZ
euroleague,PLDX,P:PLDX
euroleague,PLEA,P:PLEA
euroleague,PLEE,P:PLEE
euroleague,PLEM,P:PLEM
euroleague,PLEV,P:PLEV
euroleague,PLEZ,P:PLEZ
euroleague,PLFN,P:PLFN
euroleague,PLFR,P:PLFR
euroleague,PLFV,P:PLFV
euroleague,PLFW,P:PLFW
euroleague,PLFX,P:PLFX
euroleague,PLGA,P:PLGA
euroleague,PLGC,P:PLGC
euroleague,PLGD,P:PLGD
euroleague,PLGE,P:PLGE
euroleague,PLGH,P:PLGH
euroleague,PLGK,P:PLGK
euroleague,PLGM,P:PLGM
euroleague,PLGQ,P:PLGQ
euroleague,PLGR,P:PLGR
euroleague,PLGS,P:PLGS
euroleague,PLGT,P:PLGT
euroleague,PLGV,P:PLGV
euroleague,PLGW,P:PLGW
euroleague,PLHB,P:PLHB
euroleague,PLHD,P:PLHD
euroleague,PLHF,P:PLHF
euroleague,PLHG,P:PLHG
euroleague,PLHH,P:PLHH
euroleague,PLHI,P:PLHI
euroleague,PLHK,P:PLHK
euroleague,PLIF,P:PLIF
euroleague,PLII,P:PLII
euroleague,PLIM,P:PLIM
euroleague,PLIO,P:PLIO
euroleague,PLIT,P:PLIT
euroleague,PLIZ,P:PLIZ
euroleague,PLJB,P:PLJB
euroleague,PLJM,P:PLJM
euroleague,PLJP,P:PLJP
euroleague,PLJT,P:PLJT
euroleague,PLKE,P:PLKE
euroleague,PLKX,P:PLKX
euroleague,PLKY,P:PLKY
euroleague,PLKZ,P:PLKZ
euroleague,PLLE,P:PLLE
euroleague,PLLH,P:PLLH
euroleague,PLLK,P:PLLK
euroleague,PLLM,P:PLLM
euroleague,PLLV,P:PLLV
euroleague,PLLX,P:PLLX
euroleague,PLLY,P:PLLY
euroleague,PLME,P:PLME
euroleague,PLMG,P:PLMG
euroleague,PLMK,P:PLMK
euroleague,PLML,P:PLML
euroleague,PLMN,P:PLMN
euroleague,PLMO,P:PLMO
euroleague,PLNE,P:PLNE
euroleague,PLNM,P:PLNM
euroleague,PLNP,P:PLNP
euroleague,PLNW,P:PLNW
euroleague,PLNY,P:PLNY
euroleague,PLOC,P:PLOC
euroleague,PLOK,P:PLOK
euroleague,PLOL,P:PLOL
euroleague,PLOO,P:PLOO
euroleague,PLOZ,P:PLOZ
euroleague,PLPI,P:PLPI
euroleague,PLPK,P:PLPK
euroleague,PLPY,P:PLPY
euroleague,PLQV,P:PLQV
euroleague,PLRE,P:PLRE
euroleague,PLRF,P:PLRF
euroleague,PLRH,P:PLRH
euroleague,PLRQ,P:PLRQ
euroleague,PLRU,P:PLRU
euroleague,PLSK,P:PLSK
euroleague,PLSN,P:PLSN
euroleague,PLSZ,P:PLSZ
euroleague,PLTF,P:PLTF
euroleague,PLTS,P:PLTS
euroleague,PLTT,P:PLTT
euroleague,PLTZ,P:PLTZ
euroleague,PLUI,P:PLUI
euroleague,PLUJ,P:PLUJ
euroleague,PLUK,P:PLUK
euroleague,PLUO,P:PLUO
euroleague,PLUR,P:PLUR
euroleague,PLUT,P:PLUT
euroleague,PLVA,P:PLVA
euroleague,PLVC,P:PLVC
euroleague,PLVI,P:PLVI
euroleague,PLVW,P:PLVW
euroleague,PLWB,P:PLWB
euroleague,PLWP,P:PLWP
euroleague,PLXI,P:PLXI
euroleague,PLXK,P:PLXK
euroleague,PLXL,P:PLXL
euroleague,PLZO,P:PLZO
euroleague,PTEM,P:PTEM
euroleague,PTEN,P:PTEN
euroleague,PTEO,P:PTEO
euroleague,PTEP,P:PTEP
euroleague,PTEQ,P:PTEQ
euroleague,PTER,P:PTER
euroleague,PTES,P:PTES
euroleague,PTEU,P:PTEU
euroleague,PTEV,P:PTEV
euroleague,PTEW,P:PTEW
euroleague,PTEX,P:PTEX
euroleague,PTEY,P:PTEY
euroleague,PTEZ,P:PTEZ
euroleague,PTFA,P:PTFA
euroleague,PTFB,P:PTFB
euroleague,PTFC,P:PTFC
euroleague,PTFD,P:PTFD
euroleague,PTFE,P:PTFE
euroleague,PTFF,P:PTFF
euroleague,PTFG,P:PTFG
euroleague,PTFH,P:PTFH
euroleague,PTFI,P:PTFI
euroleague,PTFJ,P:PTFJ
euroleague,PTFK,P:PTFK
euroleague,PTFL,P:PTFL
euroleague,PTFN,P:PTFN
euroleague,PTFO,P:PTFO
euroleague,PTFP,P:PTFP
euroleague,PTFQ,P:PTFQ
euroleague,PTFR,P:PTFR
euroleague,PTFS,P:PTFS
euroleague,PTFU,P:PTFU
euroleague,PTFV,P:PTFV
euroleague,PTFW,P:PTFW
euroleague,PTFX,P:PTFX
euroleague,PTFY,P:PTFY
euroleague,PTFZ,P:PTFZ
euroleague,PTGA,P:PTGA
euroleague,PTGB,P:PTGB
euroleague,PTGC,P:PTGC
euroleague,PTGD,P:PTGD
euroleague,PTGE,P:PTGE
euroleague,PTGG,P:PTGG
euroleague,PTGI,P:PTGI
euroleague,PTGJ,P:PTGJ
euroleague,PTGK,P:PTGK
euroleague,PTGL,P:PTGL
euroleague,PTGM,P:PTGM
euroleague,PTGO,P:PTGO
euroleague,PTGQ,P:PTGQ
euroleague,PTGS,P:PTGS
euroleague,PTGT,P:PTGT
euroleague,PTGU,P:PTGU
euroleague,PTGV,P:PTGV
euroleague,PTGW,P:PTGW
euroleague,PTGX,P:PTGX
euroleague,PTGY,P:PTGY
euroleague,PTGZ,P:PTGZ
euroleague,PTHB,P:PTHB
euroleague,PTHC,P:PTHC
euroleague,PTHY,P:PTHY
euroleague,PXBB,P:PXBB
gbl,00000007,G:00000007
gbl,0000000B,G:0000000B
gbl,0000000F,P:P004429
gbl,00000013,P:P004290
gbl,00000053,G:00000053
gbl,00000065,G:00000065
gbl,00000069,P:P003469
gbl,0000006B,G:0000006B
gbl,0000007A,P:PTFX
gbl,0000008E,G:0000008E
gbl,00000091,G:00000091
gbl,0000009B,P:P000411
gbl,000000A4,G:000000A4
gbl,000000CE,G:000000CE
gbl,00000103,G:00000103
gbl,00000140,G:00000140
gbl,00000143,P:PABN
gbl,0000014D,G:0000014D
gbl,00000167,P:P004289
gbl,0000016E,G:0000016E
gbl,00000174,P:P001932
gbl,00000177,G:00000177
gbl,00000181,G:00000181
gbl,00000196,G:00000196
gbl,000001AD,P:P005146
gbl,000001B7,G:000001B7
gbl,000001BC,P:P002867
gbl,000001DD,G:000001DD
gbl,00000241,G:00000241
gbl,00000245,P:P010392
gbl,00000268,G:00000268
gbl,0000029C,P:P003537
gbl,000002A2,G:000002A2
gbl,000002A5,G:000002A5
gbl,000002A8,G:000002A8
gbl,000002C6,G:000002C6
gbl,000002C7,P:P011974
gbl,00000305,G:00000305
gbl,0000030E,G:0000030E
gbl,00000330,G:00000330
gbl,00000333,G:00000333
gbl,00000339,G:00000339
gbl,00000345,G:00000345
gbl,00000366,P:P001933
gbl,00000379,P:PAQU
gbl,0000037E,P:P003240
gbl,00000389,P:P000129
gbl,000003EF,P:P003508
gbl,000003F5,G:000003F5
gbl,00000451,P:P005844
gbl,00000468,P:P001255
gbl,0000046F,G:0000046F
gbl,0000047A,P:P000464
gbl,00000483,G:00000483
gbl,00000496,G:00000496
gbl,000004A0,G:000004A0
gbl,000004C7,P:PAMM
gbl,000004D0,P:P003367
gbl,00000514,G:00000514
gbl,00000522,G:00000522
gbl,0000053A,G:0000053A
gbl,00000554,G:00000554
gbl,00000559,G:00000559
gbl,0000055C,P:P001926
gbl,00000577,P:PJUO
gbl,0000057B,G:0000057B
gbl,0000059F,P:PJXX
gbl,000005B4,G:000005B4
gbl,000005D2,G:000005D2
gbl,00000605,G:00000605
gbl,0000060F,P:PTEN
gbl,00000629,G:00000629
gbl,0000062C,G:0000062C
gbl,00000639,G:00000639
gbl,00000672,G:00000672
gbl,00000685,G:00000685
gbl,000006BD,G:000006BD
gbl,000006C4,G:000006C4
gbl,000006C7,G:000006C7
gbl,000006D8,G:000006D8
gbl,000006DC,P:P007400
gbl,000006E2,G:000006E2
gbl,000006E9,G:000006E9
gbl,000006ED,G:000006ED
gbl,000006F2,G:000006F2
gbl,000006FC,G:000006FC
gbl,000006FD,G:000006FD
gbl,00000701,P:PJCC
gbl,00000707,P:P008800
gbl,00000713,G:00000713
gbl,00000719,P:P001287
gbl,0000071F,G:0000071F
gbl,00000722,P:P002980
gbl,00000728,P:P005282
gbl,00000729,P:P004218
gbl,00000738,G:00000738
gbl,0000073F,G:0000073F
gbl,000056E7,G:000056E7
gbl,00047A7D,G:00047A7D
gbl,005968C3,G:005968C3
gbl,006A8459,G:006A8459
gbl,00B89222,G:00B89222
gbl,00FB1D9F,G:00FB1D9F
gbl,015493AB,G:015493AB
gbl,017B3324,G:017B3324
gbl,01807233,G:01807233
gbl,02211B0A,P:P009817
gbl,0258BA1E,G:0258BA1E
gbl,025BC51F,P:P009051
gbl,03001923,G:03001923
gbl,040DD22E,G:040DD22E
gbl,045020C4,G:045020C4
gbl,047FA357,G:047FA357
gbl,04A11AF9,P:P003211
gbl,04C9A104,G:04C9A104
gbl,05F38038,G:05F38038
gbl,0622C301,G:0622C301
gbl,06832387,G:06832387
gbl,06EF5EA5,G:06EF5EA5
gbl,0760F694,G:0760F694
gbl,077AC106,G:077AC106
gbl,07938463,G:07938463
gbl,0808A454,G:0808A454
gbl,08CB5E1F,G:08CB5E1F
gbl,09067E71,G:09067E71
gbl,0925E2FF,G:0925E2FF
gbl,0949B704,G:0949B704
gbl,09BE8FB5,G:09BE8FB5
gbl,0A2307E5,P:P010612
gbl,0A8C28AB,G:0A8C28AB
gbl,0AA0D760,G:0AA0D760
gbl,0AA2AD3E,G:0AA2AD3E
gbl,0B2C5917,G:0B2C5917
gbl,0B4BA1C7,P:P009003
gbl,0BBCFBD3,P:P007432
gbl,0BE72CB1,G:0BE72CB1
gbl,0C65F4BA,G:0C65F4BA
gbl,0C71621C,G:0C71621C
gbl,0C9CD259,G:0C9CD259
gbl,0CB6EC08,P:P011221
gbl,0D2514F5,G:0D2514F5
gbl,0DEA13B7,G:0DEA13B7
gbl,0E4A65B2,G:0E4A65B2
gbl,0E5FA932,G:0E5FA932
gbl,0EA3EA7D,G:0EA3EA7D
gbl,0EC94472,P:P009816
gbl,0F61189A,G:0F61189A
gbl,0F7C0053,P:P006589
gbl,1088FDE4,G:1088FDE4
gbl,10A2C583,G:10A2C583
gbl,10B67913,G:10B67913
gbl,10D01024,G:10D01024
gbl,10F19E3F,G:10F19E3F
gbl,12208166,P:P009849
gbl,1278150E,P:P000659
gbl,128F4556,G:128F4556
gbl,132152A2,G:132152A2
gbl,1382FEBF,G:1382FEBF
gbl,138ABA23,G:138ABA23
gbl,139F0EBB,G:139F0EBB
gbl,13BF36DF,G:13BF36DF
gbl,13D42A9A,G:13D42A9A
gbl,13E498FF,G:13E498FF
gbl,1457A5A6,G:1457A5A6
gbl,148C06AF,G:148C06AF
gbl,14A01952,G:14A01952
gbl,14D7B80F,G:14D7B80F
gbl,14E9C05A,G:14E9C05A
gbl,14F5D6AF,P:P014122
gbl,14FD1B32,G:14FD1B32
gbl,157D6B44,G:157D6B44
gbl,15ABEE83,G:15ABEE83
gbl,15B7D14A,G:15B7D14A
gbl,15CE6FEF,G:15CE6FEF
gbl,1619D9B5,G:1619D9B5
gbl,162808E1,G:162808E1
gbl,163A0BF8,G:163A0BF8
gbl,1640A77F,G:1640A77F
gbl,16AE30FC,G:16AE30FC
gbl,16D5E757,G:16D5E757
gbl,16DC25E1,G:16DC25E1
gbl,16F72225,G:16F72225
gbl,1786C4FE,G:1786C4FE
gbl,17958650,G:17958650
gbl,192A9E36,P:P008962
gbl,19474713,G:19474713
gbl,19D1F2B7,G:19D1F2B7
gbl,1A1AA377,G:1A1AA377
gbl,1A54AF47,G:1A54AF47
gbl,1B250824,G:1B250824
gbl,1BACFA6A,G:1BACFA6A
gbl,1C735340,G:1C735340
gbl,1D78C84E,G:1D78C84E
gbl,1DAF6FB2,G:1DAF6FB2
gbl,1DC69124,G:1DC69124
gbl,1DD3C3FE,G:1DD3C3FE
gbl,1E03B182,G:1E03B182
gbl,1E383E85,G:1E383E85
gbl,1EAFFECF,P:P011223
gbl,1F2A8343,G:1F2A8343
gbl,1FAB5026,G:1FAB5026
gbl,201D9D5C,P:PJDU
gbl,202F6647,G:202F6647
gbl,2039EAA4,G:2039EAA4
gbl,207A5E89,G:207A5E89
gbl,2086CB89,G:2086CB89
gbl,20934E8F,G:20934E8F
gbl,2099A023,G:2099A023
gbl,20E9BC3F,G:20E9BC3F
gbl,210FB913,G:210FB913
gbl,2140EC6A,G:2140EC6A
gbl,21C5ED0D,G:21C5ED0D
gbl,21CF76F0,G:21CF76F0
gbl,22136494,P:P011236
gbl,22A70E15,G:22A70E15
gbl,22C260EE,G:22C260EE
gbl,22EF973B,G:22EF973B
gbl,23957AF3,G:23957AF3
gbl,23E3A7E3,G:23E3A7E3
gbl,248FCA4D,G:248FCA4D
gbl,24974100,P:P008084
gbl,24D310BE,G:24D310BE
gbl,25525959,G:25525959
gbl,25B454A0,G:25B454A0
gbl,265C4987,G:265C4987
gbl,27108FF6,G:27108FF6
gbl,273B52B3,P:P005094
gbl,2744317D,P:P007948
gbl,27B3F2CC,G:27B3F2CC
gbl,27BA8959,G:27BA8959
gbl,27E7BB49,G:27E7BB49
gbl,27F22948,P:P011396
gbl,286804B7,G:286804B7
gbl,291356C7,G:291356C7
gbl,2928426D,G:2928426D
gbl,297C0206,P:P012796
gbl,2A09A38A,G:2A09A38A
gbl,2A79ECAD,P:P002008
gbl,2B04199B,G:2B04199B
gbl,2BB1AF1F,P:P006302
gbl,2BBFE416,G:2BBFE416
gbl,2BC61669,G:2BC61669
gbl,2BC7B191,G:2BC7B191
gbl,2BD3BE12,G:2BD3BE12
gbl,2BD65881,G:2BD65881
gbl,2C0B2DE8,G:2C0B2DE8
gbl,2C26B404,P:P011085
gbl,2C788FF9,G:2C788FF9
gbl,2C9B8650,G:2C9B8650
gbl,2D7697E1,G:2D7697E1
gbl,2D883EB4,P:P013389
gbl,2EA89CE4,G:2EA89CE4
gbl,2F41166C,G:2F41166C
gbl,2FDD0350,G:2FDD0350
gbl,2FE11222,G:2FE11222
gbl,2FFDB911,G:2FFDB911
gbl,306A4360,G:306A4360
gbl,30CE7C54,G:30CE7C54
gbl,311052E3,G:311052E3
gbl,3124FB5A,G:3124FB5A
gbl,3183C90C,G:3183C90C
gbl,31D28464,G:31D28464
gbl,32AACEC0,G:32AACEC0
gbl,335BE66C,G:335BE66C
gbl,3370ED0C,G:3370ED0C
gbl,3371D4DB,G:3371D4DB
gbl,33977C52,G:33977C52
gbl,33A4154C,G:33A4154C
gbl,3447574D,G:3447574D
gbl,34C292ED,G:34C292ED
gbl,34C59DBC,G:34C59DBC
gbl,34CB7D1B,G:34CB7D1B
gbl,34F92C9C,G:34F92C9C
gbl,34FF7118,G:34FF7118
gbl,35153C4E,G:35153C4E
gbl,35C5EE78,G:35C5EE78
gbl,35DCE888,G:35DCE888
gbl,36335531,G:36335531
gbl,363F8335,G:363F8335
gbl,3733976B,G:3733976B
gbl,3742055C,G:3742055C
gbl,37924888,G:37924888
gbl,3793B035,P:P012610
gbl,37D0141B,G:37D0141B
gbl,37EA6452,G:37EA6452
gbl,38164065,G:38164065
gbl,38AEB056,G:38AEB056
gbl,392A21E9,G:392A21E9
gbl,394C83CE,G:394C83CE
gbl,39526F11,G:39526F11
gbl,39BC8F0A,G:39BC8F0A
gbl,3A1547E4,G:3A1547E4
gbl,3ABEB4B8,G:3ABEB4B8
gbl,3AC485D1,P:P008967
gbl,3AEC29CF,G:3AEC29CF
gbl,3B41D669,G:3B41D669
gbl,3B43DE28,G:3B43DE28
gbl,3B5214F5,G:3B5214F5
gbl,3B5C7FD3,G:3B5C7FD3
gbl,3BB61443,P:P014212
gbl,3BC0C2B5,G:3BC0C2B5
gbl,3BCD4C4A,G:3BCD4C4A
gbl,3C50E042,G:3C50E042
gbl,3C647C81,G:3C647C81
gbl,3CBB10AB,G:3CBB10AB
gbl,3D733714,P:P010093
gbl,3DB57AAA,G:3DB57AAA
gbl,3E2262D0,P:P003108
gbl,3E67D9D0,P:P006591
gbl,3E8D128B,G:3E8D128B
gbl,3EE6DBBB,G:3EE6DBBB
gbl,3F477F31,G:3F477F31
gbl,3F809D36,G:3F809D36
gbl,3F8AE0E4,G:3F8AE0E4
gbl,405192E7,G:405192E7
gbl,40618341,G:40618341
gbl,40B10F02,P:P000046
gbl,40CD16FC,G:40CD16FC
gbl,40DD12BE,G:40DD12BE
gbl,40F42CD4,G:40F42CD4
gbl,41010DDA,G:41010DDA
gbl,412A5100,P:P009227
gbl,41C2E474,G:41C2E474
gbl,41CC56A5,G:41CC56A5
gbl,422F3AC0,P:P009842
gbl,437F9136,G:437F9136
gbl,437FE11C,G:437FE11C
gbl,4386ABAD,G:4386ABAD
gbl,43EE38D6,G:43EE38D6
gbl,448AF744,G:448AF744
gbl,4517CD53,P:P006068
gbl,4548B193,G:4548B193
gbl,45855451,G:45855451
gbl,459229A1,P:P011248
gbl,459DE128,G:459DE128
gbl,4660E107,G:4660E107
gbl,46EC5E96,G:46EC5E96
gbl,479C0156,G:479C0156
gbl,481F0638,G:481F0638
gbl,48B79789,G:48B79789
gbl,49189D24,G:49189D24
gbl,49574E22,G:49574E22
gbl,49CDF103,G:49CDF103
gbl,4A072DDB,G:4A072DDB
gbl,4A288CB9,P:P009006
gbl,4A30A4F1,P:P012712
gbl,4A6B8EB3,P:P003120
gbl,4A939209,G:4A939209
gbl,4AABE918,G:4AABE918
gbl,4AE48ED4,G:4AE48ED4
gbl,4B05CA03,G:4B05CA03
gbl,4BAE384D,G:4BAE384D
gbl,4BBBBCE9,P:P011965
gbl,4BF8D319,P:P003362
gbl,4C0E5F4B,P:P004451
gbl,4C3E0D1F,G:4C3E0D1F
gbl,4C7A360C,G:4C7A360C
gbl,4CA651BC,G:4CA651BC
gbl,4D4F9FB9,G:4D4F9FB9
gbl,4D9627D9,G:4D9627D9
gbl,4D9B6DCA,G:4D9B6DCA
gbl,4DC85096,G:4DC85096
gbl,4EE4B849,P:P006058
gbl,4F22396B,G:4F22396B
gbl,4F830DA1,G:4F830DA1
gbl,4FE1501B,P:P010683
gbl,501C93AD,G:501C93AD
gbl,5089F2DE,P:P009818
gbl,5099E231,G:5099E231
gbl,5107C236,G:5107C236
gbl,514FA5E4,G:514FA5E4
gbl,5194F54E,P:P008348
gbl,51D6DE99,G:51D6DE99
gbl,520630AD,G:520630AD
gbl,520B5851,G:520B5851
gbl,52C8D859,P:P006555
gbl,52D301E8,G:52D301E8
gbl,52D8D60C,G:52D8D60C
gbl,52E19D5D,G:52E19D5D
gbl,5330373D,G:5330373D
gbl,5365653F,P:P012298
gbl,537CDA47,G:537CDA47
gbl,53E8F901,G:53E8F901
gbl,542556D0,G:542556D0
gbl,551A78E6,G:551A78E6
gbl,5535B2BB,G:5535B2BB
gbl,558B338D,G:558B338D
gbl,55A1C4B9,G:55A1C4B9
gbl,55A6C5DB,G:55A6C5DB
gbl,55AFD2FB,G:55AFD2FB
gbl,55BB6030,G:55BB6030
gbl,55FDDDDF,G:55FDDDDF
gbl,56ACC9C5,G:56ACC9C5
gbl,56B069A9,G:56B069A9
gbl,56E20660,G:56E20660
gbl,5785DE89,P:P009622
gbl,57D75B19,G:57D75B19
gbl,5852D64E,G:5852D64E
gbl,588243DD,G:588243DD
gbl,5886742E,G:5886742E
gbl,589F308C,G:589F308C
gbl,58FA73EB,G:58FA73EB
gbl,59329CAF,G:59329CAF
gbl,59CC416B,G:59CC416B
gbl,59DA1CCD,G:59DA1CCD
gbl,5A39545C,G:5A39545C
gbl,5A47EB24,G:5A47EB24
gbl,5A87273F,G:5A87273F
gbl,5A8A8DFC,G:5A8A8DFC
gbl,5AB61EB0,G:5AB61EB0
gbl,5B64A1B6,G:5B64A1B6
gbl,5BE8C2DD,P:P007865
gbl,5BEFB485,G:5BEFB485
gbl,5BF52058,G:5BF52058
gbl,5C9DC1D1,G:5C9DC1D1
gbl,5CEB4062,G:5CEB4062
gbl,5D13B10C,P:P011826
gbl,5D52B72A,G:5D52B72A
gbl,5DB4E930,P:P014121
gbl,5DDA0B7D,G:5DDA0B7D
gbl,5E08FF6E,G:5E08FF6E
gbl,5E751F8E,G:5E751F8E
gbl,5EC4DF10,G:5EC4DF10
gbl,5EE3B9DF,G:5EE3B9DF
gbl,5F095E96,P:P005942
gbl,5F18D278,G:5F18D278
gbl,5F44AD42,G:5F44AD42
gbl,5F8BC52B,G:5F8BC52B
gbl,5FABD7B1,P:P007946
gbl,5FF950F2,G:5FF950F2
gbl,60CC396B,G:60CC396B
gbl,60FC8E6C,G:60FC8E6C
gbl,61009549,G:61009549
gbl,611CA890,G:611CA890
gbl,6128EA9F,G:6128EA9F
gbl,6156474F,G:6156474F
gbl,61FA1CC2,G:61FA1CC2
gbl,628DA4EE,G:628DA4EE
gbl,62B50AD7,G:62B50AD7
gbl,62E01AC5,G:62E01AC5
gbl,638965F8,G:638965F8
gbl,63A16274,G:63A16274
gbl,63B08529,G:63B08529
gbl,63B33E98,G:63B33E98
gbl,63F9CEF0,G:63F9CEF0
gbl,64243210,G:64243210
gbl,64256A0B,P:P011981
gbl,6437DA66,G:6437DA66
gbl,645F5095,P:P010549
gbl,6461F6FB,G:6461F6FB
gbl,647ACEAC,P:P006487
gbl,650326F7,G:650326F7
gbl,651D664B,P:P010355
gbl,6525AC68,G:6525AC68
gbl,6546260B,G:6546260B
gbl,6547DF27,P:P010063
gbl,656D6050,G:656D6050
gbl,65AC3A56,G:65AC3A56
gbl,65C7EB2D,G:65C7EB2D
gbl,65D270EC,G:65D270EC
gbl,65D9EF95,G:65D9EF95
gbl,662906B1,G:662906B1
gbl,66365C38,G:66365C38
gbl,66DCB70A,P:P014011
gbl,66DDDEA8,G:66DDDEA8
gbl,673606D7,G:673606D7
gbl,6781D158,P:P007947
gbl,679BD548,P:P008152
gbl,67B12642,G:67B12642
gbl,68A17B78,G:68A17B78
gbl,68D55C81,G:68D55C81
gbl,68F03044,P:P006336
gbl,694251BC,G:694251BC
gbl,69666692,G:69666692
gbl,698E6BD5,G:698E6BD5
gbl,6A0C83E7,G:6A0C83E7
gbl,6B0BDE16,P:P005353
gbl,6B1B3A0E,G:6B1B3A0E
gbl,6BC4B84C,G:6BC4B84C
gbl,6C0472C9,G:6C0472C9
gbl,6C223AB0,G:6C223AB0
gbl,6C30ED4B,G:6C30ED4B
gbl,6C506190,P:P011225
gbl,6C630C6A,G:6C630C6A
gbl,6CA8A6EC,G:6CA8A6EC
gbl,6CE7C23C,G:6CE7C23C
gbl,6CE8EC18,P:P011305
gbl,6D628A7D,G:6D628A7D
gbl,6D9B6995,G:6D9B6995
gbl,6DC2622D,G:6DC2622D
gbl,6DE637C4,G:6DE637C4
gbl,6E2AFDA4,G:6E2AFDA4
gbl,6E6CF8F4,G:6E6CF8F4
gbl,6E707337,G:6E707337
gbl,6E7524DC,G:6E7524DC
gbl,6E776956,G:6E776956
gbl,6F4C701D,G:6F4C701D
gbl,709CDBEB,G:709CDBEB
gbl,70A822B0,G:70A822B0
gbl,7214B609,G:7214B609
gbl,722A96BC,G:722A96BC
gbl,72518F12,G:72518F12
gbl,726D6513,G:726D6513
gbl,72DD1F38,G:72DD1F38
gbl,731428B7,G:731428B7
gbl,73882C2F,G:73882C2F
gbl,73A58900,P:P000848
gbl,73E1D924,G:73E1D924
gbl,747CD647,G:747CD647
gbl,74FDF355,G:74FDF355
gbl,75139AD1,G:75139AD1
gbl,756830BA,P:P008930
gbl,75EFE0F7,G:75EFE0F7
gbl,75FB4B05,G:75FB4B05
gbl,7611D010,G:7611D010
gbl,770B594B,G:770B594B
gbl,775E0986,G:775E0986
gbl,776CB485,G:776CB485
gbl,777538B2,G:777538B2
gbl,779171AA,G:779171AA
gbl,779434DD,P:P012591
gbl,77C8FCA5,G:77C8FCA5
gbl,786D1826,G:786D1826
gbl,78E866A6,P:P005683
gbl,78F9CAB0,P:P011194
gbl,78FE322E,G:78FE322E
gbl,791432B2,G:791432B2
gbl,7923E460,P:P014220
gbl,79510360,G:79510360
gbl,79770E8B,P:P014004
gbl,7A0CED3F,G:7A0CED3F
gbl,7A36527A,G:7A36527A
gbl,7A6A1B1D,P:P001887
gbl,7AE4574C,G:7AE4574C
gbl,7B5E77D1,G:7B5E77D1
gbl,7B60E95D,G:7B60E95D
gbl,7B8D6590,G:7B8D6590
gbl,7C6B30BF,G:7C6B30BF
gbl,7CDB9CA8,G:7CDB9CA8
gbl,7CE3D926,P:P007553
gbl,7CFC487F,G:7CFC487F
gbl,7D3E4D77,P:P011204
gbl,7D80AD55,P:P012774
gbl,7DA773D6,G:7DA773D6
gbl,7DCB80E5,G:7DCB80E5
gbl,7E196AB8,P:P003608
gbl,7E5D147D,G:7E5D147D
gbl,7EAA048C,G:7EAA048C
gbl,7EEAFC34,G:7EEAFC34
gbl,7EF3E5FD,G:7EF3E5FD
gbl,7F565FF0,G:7F565FF0
gbl,7F6E6DE3,P:P007866
gbl,805DBC47,G:805DBC47
gbl,806AF27D,G:806AF27D
gbl,81068992,G:81068992
gbl,81527E0F,G:81527E0F
gbl,81B0524B,G:81B0524B
gbl,81B5C4BA,P:P007975
gbl,81D560E1,G:81D560E1
gbl,8239B06C,G:8239B06C
gbl,823ACEB3,P:P011286
gbl,82AC551E,G:82AC551E
gbl,833F16B8,G:833F16B8
gbl,8379F65C,G:8379F65C
gbl,83B11FF5,P:P011196
gbl,84560942,G:84560942
gbl,84AE5417,G:84AE5417
gbl,84E128EB,G:84E128EB
gbl,85405F06,G:85405F06
gbl,859FCF83,G:859FCF83
gbl,85C578F2,G:85C578F2
gbl,85FB9B0D,G:85FB9B0D
gbl,872EC9A9,G:872EC9A9
gbl,87BA43A1,G:87BA43A1
gbl,884A7F43,G:884A7F43
gbl,885A0BA0,P:P001910
gbl,88A8B311,G:88A8B311
gbl,899F2E06,P:P009578
gbl,89FB852E,P:P005269
gbl,8A20EF38,G:8A20EF38
gbl,8A229107,G:8A229107
gbl,8A9A93F4,G:8A9A93F4
gbl,8AEBB15C,G:8AEBB15C
gbl,8B8BBCE3,G:8B8BBCE3
gbl,8B98D976,G:8B98D976
gbl,8BDDC1DE,P:P013250
gbl,8C6AEC25,P:P008987
gbl,8C988283,G:8C988283
gbl,8CB4BDEC,G:8CB4BDEC
gbl,8CE2CC3B,G:8CE2CC3B
gbl,8D0C2CDC,G:8D0C2CDC
gbl,8DD008E0,G:8DD008E0
gbl,8DFB21EC,G:8DFB21EC
gbl,8E0CE74C,G:8E0CE74C
gbl,8E3AD877,P:P005161
gbl,8E76E4FF,G:8E76E4FF
gbl,8F9C150B,G:8F9C150B
gbl,8FAF270E,G:8FAF270E
gbl,90CF4472,G:90CF4472
gbl,90ECEF25,G:90ECEF25
gbl,90F615CD,G:90F615CD
gbl,90F8D8C5,G:90F8D8C5
gbl,912B1D4B,G:912B1D4B
gbl,915AFB05,G:915AFB05
gbl,9198D674,G:9198D674
gbl,91A60582,G:91A60582
gbl,91A62962,G:91A62962
gbl,92645B81,G:92645B81
gbl,92C27E93,P:P012608
gbl,92F6A168,G:92F6A168
gbl,93419A43,G:93419A43
gbl,93843BDD,G:93843BDD
gbl,93898BE2,G:93898BE2
gbl,93F24648,G:93F24648
gbl,9484425D,P:P008811
gbl,948D3EC2,G:948D3EC2
gbl,949D607B,G:949D607B
gbl,95096618,G:95096618
gbl,961F908E,G:961F908E
gbl,963A113D,G:963A113D
gbl,96B38FA6,G:96B38FA6
gbl,96EA6B26,G:96EA6B26
gbl,96FC6D4D,P:P010631
gbl,9738A1FA,P:P009580
gbl,97D803C0,G:97D803C0
gbl,97ECF33C,G:97ECF33C
gbl,97F0888E,G:97F0888E
gbl,981124E2,P:P006497
gbl,9892ECAB,G:9892ECAB
gbl,98CA314B,G:98CA314B
gbl,997515B8,G:997515B8
gbl,99FE1353,G:99FE1353
gbl,9A1EDD91,G:9A1EDD91
gbl,9A9260A9,P:P013514
gbl,9B095932,G:9B095932
gbl,9B0B82A0,G:9B0B82A0
gbl,9B0ECA2A,G:9B0ECA2A
gbl,9B3A6626,G:9B3A6626
gbl,9C923A09,G:9C923A09
gbl,9CF62E68,P:P010150
gbl,9D30516E,P:P009834
gbl,9D6C6AF9,G:9D6C6AF9
gbl,9D8F258F,G:9D8F258F
gbl,9DBC8FE2,G:9DBC8FE2
gbl,9DE2FD93,G:9DE2FD93
gbl,9E156216,G:9E156216
gbl,9E15A360,G:9E15A360
gbl,9E1CFB56,G:9E1CFB56
gbl,9E3DB04D,P:P011209
gbl,9EB41ADD,G:9EB41ADD
gbl,9F1824B5,G:9F1824B5
gbl,9F1A538D,G:9F1A538D
gbl,9F542BB0,G:9F542BB0
gbl,9F68444D,G:9F68444D
gbl,9F8CF4C7,G:9F8CF4C7
gbl,9FFCB24C,G:9FFCB24C
gbl,A00EC159,G:A00EC159
gbl,A0320FF7,G:A0320FF7
gbl,A0903FA6,G:A0903FA6
gbl,A09CF190,G:A09CF190
gbl,A0A4AC5B,G:A0A4AC5B
gbl,A1145DEA,G:A1145DEA
gbl,A151495E,G:A151495E
gbl,A17B4B74,G:A17B4B74
gbl,A1D217D1,G:A1D217D1
gbl,A21BE893,G:A21BE893
gbl,A21C2A1B,G:A21C2A1B
gbl,A2F4559F,G:A2F4559F
gbl,A33E8C47,G:A33E8C47
gbl,A3457116,G:A3457116
gbl,A3FA9143,G:A3FA9143
gbl,A4433812,G:A4433812
gbl,A490A708,G:A490A708
gbl,A4AC0998,G:A4AC0998
gbl,A526A086,P:P010569
gbl,A52FE45B,G:A52FE45B
gbl,A5499452,G:A5499452
gbl,A611774B,G:A611774B
gbl,A62D33AE,G:A62D33AE
gbl,A65676A5,G:A65676A5
gbl,A6D24B4F,G:A6D24B4F
gbl,A7B058DE,G:A7B058DE
gbl,A7EA2098,G:A7EA2098
gbl,A8A5317A,G:A8A5317A
gbl,A8CDDD9F,G:A8CDDD9F
gbl,A91BEA64,G:A91BEA64
gbl,A93771DC,G:A93771DC
gbl,A98272F8,G:A98272F8
gbl,A9EA5AE3,G:A9EA5AE3
gbl,AA38A9DC,P:P013383
gbl,AAB0C3A4,G:AAB0C3A4
gbl,AB0106F2,G:AB0106F2
gbl,AB1AD7EF,G:AB1AD7EF
gbl,AB45FD1B,P:P008829
gbl,AB5951BC,G:AB5951BC
gbl,AB5A3D83,P:P009902
gbl,AB6D75D6,G:AB6D75D6
gbl,AB6FC74F,G:AB6FC74F
gbl,AC209958,G:AC209958
gbl,AC533762,G:AC533762
gbl,AD179757,P:P002582
gbl,AD1DDD3F,G:AD1DDD3F
gbl,AD2F506D,G:AD2F506D
gbl,AD34A3B5,G:AD34A3B5
gbl,AD5E0CE0,G:AD5E0CE0
gbl,AE01432F,G:AE01432F
gbl,AE7CABAA,P:P006505
gbl,AF0B900E,G:AF0B900E
gbl,AF728220,P:P014316
gbl,AF82CE42,G:AF82CE42
gbl,AFD9BB74,G:AFD9BB74
gbl,AFF632D9,G:AFF632D9
gbl,B0371694,G:B0371694
gbl,B111BBC9,P:P000956
gbl,B1496F92,G:B1496F92
gbl,B2363A1D,P:P002536
gbl,B2679D20,G:B2679D20
gbl,B278EBA9,G:B278EBA9
gbl,B2A00564,G:B2A00564
gbl,B2A2F751,G:B2A2F751
gbl,B2A41EE3,P:P003210
gbl,B2A97905,G:B2A97905
gbl,B2CC17A7,G:B2CC17A7
gbl,B3D545F0,G:B3D545F0
gbl,B4466CDD,G:B4466CDD
gbl,B44A820B,G:B44A820B
gbl,B450AFA2,G:B450AFA2
gbl,B4F1B8D7,G:B4F1B8D7
gbl,B58D1856,G:B58D1856
gbl,B5F121EB,G:B5F121EB
gbl,B701038F,G:B701038F
gbl,B76F35F2,P:P010386
gbl,B80002A2,G:B80002A2
gbl,B88F05D1,G:B88F05D1
gbl,B8AD6D6F,P:P002744
gbl,B8E81349,P:P011442
gbl,B91AE9D3,G:B91AE9D3
gbl,B9778770,P:P006586
gbl,B992196A,G:B992196A
gbl,B99AA0D0,G:B99AA0D0
gbl,B9B644CD,G:B9B644CD
gbl,BA572D1F,G:BA572D1F
gbl,BAF02065,P:P005718
gbl,BB72FA72,G:BB72FA72
gbl,BBF3312A,P:P004445
gbl,BBF5198B,G:BBF5198B
gbl,BC555A0B,G:BC555A0B
gbl,BC598ED2,G:BC598ED2
gbl,BC64636C,G:BC64636C
gbl,BC705931,G:BC705931
gbl,BCAE1788,G:BCAE1788
gbl,BCB78E4A,G:BCB78E4A
gbl,BD12A9AD,G:BD12A9AD
gbl,BD97A63B,G:BD97A63B
gbl,BED303AC,P:P009540
gbl,BF78543C,G:BF78543C
gbl,BF818CF8,G:BF818CF8
gbl,BFA5ABF7,G:BFA5ABF7
gbl,BFC527CE,G:BFC527CE
gbl,BFEF0CAD,P:P009472
gbl,BFF2965D,G:BFF2965D
gbl,C0270BD9,G:C0270BD9
gbl,C02B76F9,G:C02B76F9
gbl,C0831D0C,G:C0831D0C
gbl,C08B90D8,G:C08B90D8
gbl,C1203314,G:C1203314
gbl,C151B736,G:C151B736
gbl,C190739A,P:P007991
gbl,C1C46A8E,G:C1C46A8E
gbl,C1EB5AD0,G:C1EB5AD0
gbl,C22BD6D1,G:C22BD6D1
gbl,C2B1E86B,G:C2B1E86B
gbl,C2D2141F,G:C2D2141F
gbl,C2E87EF6,G:C2E87EF6
gbl,C2F2405D,G:C2F2405D
gbl,C326A77F,G:C326A77F
gbl,C32C63BA,G:C32C63BA
gbl,C33BFBFA,G:C33BFBFA
gbl,C36FC324,G:C36FC324
gbl,C394DBB2,G:C394DBB2
gbl,C39EFC18,G:C39EFC18
gbl,C3E4FC57,G:C3E4FC57
gbl,C3EEEAAA,G:C3EEEAAA
gbl,C3F5F3E7,G:C3F5F3E7
gbl,C46AB3E9,G:C46AB3E9
gbl,C47214D9,G:C47214D9
gbl,C4797F8E,P:P010465
gbl,C49389A3,G:C49389A3
gbl,C510FEF8,P:P007869
gbl,C5F4C6D7,G:C5F4C6D7
gbl,C6753A18,P:P007125
gbl,C6E165D8,G:C6E165D8
gbl,C752F98F,G:C752F98F
gbl,C7F71003,P:P013380
gbl,C815623C,G:C815623C
gbl,C8D9243F,P:P009917
gbl,C8E63EEC,G:C8E63EEC
gbl,C8F5027C,G:C8F5027C
gbl,C97DD356,G:C97DD356
gbl,C9A3A104,P:P011971
gbl,C9E986D2,G:C9E986D2
gbl,CA1C9384,G:CA1C9384
gbl,CA6E82ED,P:P007265
gbl,CAA8D9F2,G:CAA8D9F2
gbl,CABF4228,G:CABF4228
gbl,CADF888D,P:P004172
gbl,CAF5F05C,G:CAF5F05C
gbl,CB903EBB,G:CB903EBB
gbl,CBB2E7D7,G:CBB2E7D7
gbl,CBC6096D,G:CBC6096D
gbl,CC01859A,G:CC01859A
gbl,CC57C559,G:CC57C559
gbl,CC7D0D5D,G:CC7D0D5D
gbl,CCA46AB9,P:P011284
gbl,CCD3ABD1,G:CCD3ABD1
gbl,CD042428,G:CD042428
gbl,CD105647,P:P004088
gbl,CDB5A3F8,G:CDB5A3F8
gbl,CE7F5DE6,G:CE7F5DE6
gbl,CEB2F808,G:CEB2F808
gbl,CF35F71C,G:CF35F71C
gbl,CF42AA12,G:CF42AA12
gbl,CF580EB7,P:P005255
gbl,D0124272,G:D0124272
gbl,D0EBBA2C,G:D0EBBA2C
gbl,D113F984,G:D113F984
gbl,D1381E3B,P:P005917
gbl,D158C741,G:D158C741
gbl,D1B546BE,G:D1B546BE
gbl,D1C028C2,P:P011226
gbl,D1DF2694,G:D1DF2694
gbl,D2E6F4D0,G:D2E6F4D0
gbl,D330924C,G:D330924C
gbl,D34E0C35,G:D34E0C35
gbl,D3B24BB7,G:D3B24BB7
gbl,D3B61CA7,G:D3B61CA7
gbl,D400B3A0,G:D400B3A0
gbl,D4498240,G:D4498240
gbl,D45D0C59,G:D45D0C59
gbl,D470BDA0,G:D470BDA0
gbl,D502EA88,G:D502EA88
gbl,D5F72F6E,G:D5F72F6E
gbl,D62E646B,P:P007018
gbl,D64BF927,G:D64BF927
gbl,D651087B,G:D651087B
gbl,D7491EFB,G:D7491EFB
gbl,D8160788,G:D8160788
gbl,D82710F7,G:D82710F7
gbl,D8361DB3,P:P004292
gbl,D8AAA670,G:D8AAA670
gbl,D8CCB768,G:D8CCB768
gbl,D953EB46,G:D953EB46
gbl,D98A0DB4,G:D98A0DB4
gbl,DA64573D,G:DA64573D
gbl,DA93B593,G:DA93B593
gbl,DAB561A1,G:DAB561A1
gbl,DAE822EB,G:DAE822EB
gbl,DB029567,G:DB029567
gbl,DB50F24F,P:P009035
gbl,DB78C21A,G:DB78C21A
gbl,DBD1D94D,G:DBD1D94D
gbl,DC12D2F3,P:P002328
gbl,DC12F552,G:DC12F552
gbl,DC68D019,G:DC68D019
gbl,DCE381A1,G:DCE381A1
gbl,DD1C58F5,G:DD1C58F5
gbl,DD8E221B,P:P010057
gbl,DD9D7C7E,G:DD9D7C7E
gbl,DDF055A3,P:P003274
gbl,DE042502,G:DE042502
gbl,DE1805B4,G:DE1805B4
gbl,DE738FB3,G:DE738FB3
gbl,DF0C4F07,G:DF0C4F07
gbl,DF1E9715,G:DF1E9715
gbl,DF1FFF02,G:DF1FFF02
gbl,DF30F505,G:DF30F505
gbl,DF677BF1,G:DF677BF1
gbl,DFE6A2E7,G:DFE6A2E7
gbl,E02706AA,G:E02706AA
gbl,E0CEF62E,G:E0CEF62E
gbl,E1163650,G:E1163650
gbl,E15F6DA9,G:E15F6DA9
gbl,E199BC3C,G:E199BC3C
gbl,E1BA9B0D,G:E1BA9B0D
gbl,E223062A,G:E223062A
gbl,E275BA8F,G:E275BA8F
gbl,E2C7A697,P:P011218
gbl,E32251F7,G:E32251F7
gbl,E3D860BC,G:E3D860BC
gbl,E3E2822B,G:E3E2822B
gbl,E42E0A16,G:E42E0A16
gbl,E431A547,G:E431A547
gbl,E49FC744,G:E49FC744
gbl,E4C493B6,P:P003212
gbl,E4F39ED2,G:E4F39ED2
gbl,E52C1C84,P:P002561
gbl,E5751504,G:E5751504
gbl,E625EBD8,P:P003842
gbl,E6717D3E,G:E6717D3E
gbl,E6EC7439,P:P003941
gbl,E6FAFF3B,G:E6FAFF3B
gbl,E71ACD7D,G:E71ACD7D
gbl,E73349CE,G:E73349CE
gbl,E79B2944,P:P006544
gbl,E7DDBF96,G:E7DDBF96
gbl,E80EE1C7,G:E80EE1C7
gbl,E8B5A023,G:E8B5A023
gbl,E8C034C7,G:E8C034C7
gbl,E8EF3FC4,G:E8EF3FC4
gbl,E9DC5BFC,G:E9DC5BFC
gbl,EA0234B1,G:EA0234B1
gbl,EB5462B2,G:EB5462B2
gbl,EBBB4E13,G:EBBB4E13
gbl,EBD85CCA,G:EBD85CCA
gbl,EBEE9959,G:EBEE9959
gbl,EBF0CF05,P:P004863
gbl,EC02D637,G:EC02D637
gbl,EC3194E5,G:EC3194E5
gbl,EC5216FB,G:EC5216FB
gbl,EC835FC9,P:P007982
gbl,ECDEBCD5,G:ECDEBCD5
gbl,ED0E5902,G:ED0E5902
gbl,ED24597B,P:P006598
gbl,ED874474,G:ED874474
gbl,ED9C88DB,G:ED9C88DB
gbl,EE35C247,G:EE35C247
gbl,EE4F4DEC,G:EE4F4DEC
gbl,EE50053B,G:EE50053B
gbl,EEACDAE7,G:EEACDAE7
gbl,EF8A73C3,G:EF8A73C3
gbl,F004625B,G:F004625B
gbl,F00C2D88,P:P006533
gbl,F026ADBE,G:F026ADBE
gbl,F05F5DF4,G:F05F5DF4
gbl,F06E1579,G:F06E1579
gbl,F0A66983,G:F0A66983
gbl,F0DCE864,G:F0DCE864
gbl,F0DF4B24,G:F0DF4B24
gbl,F0E32B88,G:F0E32B88
gbl,F0FECC34,G:F0FECC34
gbl,F0FFC87A,G:F0FFC87A
gbl,F10A2AA6,G:F10A2AA6
gbl,F162BB22,G:F162BB22
gbl,F2C4F5E2,G:F2C4F5E2
gbl,F2D87F7B,G:F2D87F7B
gbl,F3537135,G:F3537135
gbl,F35C6698,G:F35C6698
gbl,F3C000E4,G:F3C000E4
gbl,F42B3D2C,G:F42B3D2C
gbl,F4C03812,G:F4C03812
gbl,F5C9A62B,G:F5C9A62B
gbl,F600BCB8,G:F600BCB8
gbl,F622EC37,G:F622EC37
gbl,F6449AB4,G:F6449AB4
gbl,F68045AF,G:F68045AF
gbl,F687D874,G:F687D874
gbl,F6F45F3F,G:F6F45F3F
gbl,F78CAA5C,G:F78CAA5C
gbl,F7A47F07,G:F7A47F07
gbl,F7BD3846,G:F7BD3846
gbl,F7CF0916,G:F7CF0916
gbl,F816BB2E,P:P011317
gbl,F84B55AD,G:F84B55AD
gbl,F8A288FB,P:P010798
gbl,F8C3F7B9,G:F8C3F7B9
gbl,F9154245,G:F9154245
gbl,F9233702,G:F9233702
gbl,F972EF29,P:P011239
gbl,F9A1A4A7,G:F9A1A4A7
gbl,FA942A32,P:P005061
gbl,FABF4CC7,G:FABF4CC7
gbl,FAEEF152,P:P011983
gbl,FAF273F8,G:FAF273F8
gbl,FB41797F,P:P009847
gbl,FB52E38E,G:FB52E38E
gbl,FB81693B,G:FB81693B
gbl,FB989C4D,G:FB989C4D
gbl,FC26E3ED,G:FC26E3ED
gbl,FC6A957C,G:FC6A957C
gbl,FC7C00C8,G:FC7C00C8
gbl,FCBD1D31,G:FCBD1D31
gbl,FD013EDA,G:FD013EDA
gbl,FD2FCD35,G:FD2FCD35
gbl,FDAA52B6,G:FDAA52B6
gbl,FDC6EAAA,G:FDC6EAAA
gbl,FE010EF5,P:P010467
gbl,FE91A972,P:P010413
gbl,FED5F313,P:P006636
gbl,FF1FBF7E,P:P012095
gbl,FF9E7127,P:P008991
gbl,FFDF7370,G:FFDF7370
gbl,FFF10EF9,G:FFF10EF9
gbl,FFF395A0,G:FFF395A0
gbl,pbp:0:Gabe York,G:pbp:0:Gabe York
gbl,pbp:0:Sterling Gibbs,G:pbp:0:Sterling Gibbs
gbl,pbp:23:Demetric Austin,G:pbp:23:Demetric Austin
gbl,pbp:23:Giorgos Aggelou,G:pbp:23:Giorgos Aggelou
gbl,pbp:30:Brandon Wood,G:pbp:30:Brandon Wood
gbl,pbp:33:Stefan Jankovic,P:P007961
gbl,pbp:44:Tyrone Outlaw,G:pbp:44:Tyrone Outlaw
gbl,pbp:6:Giannis Gkavasiadis,G:pbp:6:Giannis Gkavasiadis
