season,split,checkpoint,round,team,model,p_direct,p_play_in,p_top10,p_title,exp_rank,rps,final_place,made_direct,made_top10,champion
2020,tuning,0.25,5,00000001,sim_full,1.0,,,0.856,1.17625,0.002047,1,1,,1
2020,tuning,0.25,5,00000005,sim_full,0.60175,,,0.001,7.60925,0.080221,9,0,,0
2020,tuning,0.25,5,0000000A,sim_full,0.519,,,0.0,8.23475,0.078087,7,1,,0
2020,tuning,0.25,5,0000000C,sim_full,0.606,,,0.00275,7.6335,0.145155,5,1,,0
2020,tuning,0.25,5,0000000D,sim_full,0.97725,,,0.011,4.101,0.124657,6,1,,0
2020,tuning,0.25,5,00000010,sim_full,0.9985,,,0.09975,2.33275,0.122053,4,1,,0
2020,tuning,0.25,5,00000011,sim_full,0.84075,,,0.00975,6.12,0.247308,10,0,,0
2020,tuning,0.25,5,098B68C2,sim_full,0.50675,,,0.0015,8.17675,0.139553,11,0,,0
2020,tuning,0.25,5,2A25C696,sim_full,0.85825,,,0.01,5.48875,0.115569,3,1,,0
2020,tuning,0.25,5,46130127,sim_full,0.71025,,,0.008,6.81525,0.333733,12,0,,0
2020,tuning,0.25,5,4C2C8907,sim_full,0.201,,,0.00025,10.0165,0.129345,8,1,,0
2020,tuning,0.25,5,F7D46144,sim_full,0.1805,,,0.0,10.29525,0.6599,2,1,,0
2020,tuning,0.25,5,00000001,sim_net,1.0,,,0.88125,1.1535,0.00158,1,1,,1
2020,tuning,0.25,5,00000005,sim_net,0.59975,,,0.0005,7.654,0.078563,9,0,,0
2020,tuning,0.25,5,0000000A,sim_net,0.52825,,,0.0005,8.20325,0.075743,7,1,,0
2020,tuning,0.25,5,0000000C,sim_net,0.61325,,,0.001,7.6185,0.144362,5,1,,0
2020,tuning,0.25,5,0000000D,sim_net,0.98175,,,0.00825,4.08475,0.126553,6,1,,0
2020,tuning,0.25,5,00000010,sim_net,0.99925,,,0.08825,2.30125,0.12679,4,1,,0
2020,tuning,0.25,5,00000011,sim_net,0.842,,,0.00625,6.1305,0.247856,10,0,,0
2020,tuning,0.25,5,098B68C2,sim_net,0.50175,,,0.00075,8.214,0.136833,11,0,,0
2020,tuning,0.25,5,2A25C696,sim_net,0.85675,,,0.00675,5.4615,0.113699,3,1,,0
2020,tuning,0.25,5,46130127,sim_net,0.70475,,,0.0065,6.8395,0.331456,12,0,,0
2020,tuning,0.25,5,4C2C8907,sim_net,0.1985,,,0.0,10.0125,0.129168,8,1,,0
2020,tuning,0.25,5,F7D46144,sim_net,0.174,,,0.0,10.32675,0.664283,2,1,,0
2020,tuning,0.25,5,00000001,sim_inflate_1.5,1.0,,,0.8335,1.22875,0.002859,1,1,,1
2020,tuning,0.25,5,00000005,sim_inflate_1.5,0.5955,,,0.00225,7.606,0.081957,9,0,,0
2020,tuning,0.25,5,0000000A,sim_inflate_1.5,0.5275,,,0.001,8.1555,0.0763,7,1,,0
2020,tuning,0.25,5,0000000C,sim_inflate_1.5,0.60825,,,0.00325,7.5925,0.142292,5,1,,0
2020,tuning,0.25,5,0000000D,sim_inflate_1.5,0.96925,,,0.01275,4.26275,0.111936,6,1,,0
2020,tuning,0.25,5,00000010,sim_inflate_1.5,0.99775,,,0.10825,2.44175,0.11181,4,1,,0
2020,tuning,0.25,5,00000011,sim_inflate_1.5,0.831,,,0.011,6.208,0.236725,10,0,,0
2020,tuning,0.25,5,098B68C2,sim_inflate_1.5,0.51775,,,0.0025,8.10125,0.142225,11,0,,0
2020,tuning,0.25,5,2A25C696,sim_inflate_1.5,0.831,,,0.0115,5.61325,0.122099,3,1,,0
2020,tuning,0.25,5,46130127,sim_inflate_1.5,0.68225,,,0.013,6.8735,0.319806,12,0,,0
2020,tuning,0.25,5,4C2C8907,sim_inflate_1.5,0.23,,,0.00075,9.8215,0.11667,8,1,,0
2020,tuning,0.25,5,F7D46144,sim_inflate_1.5,0.20975,,,0.00025,10.09525,0.63401,2,1,,0
2020,tuning,0.25,5,00000001,sim_inflate_2,1.0,,,0.788,1.3105,0.004523,1,1,,1
2020,tuning,0.25,5,00000005,sim_inflate_2,0.59175,,,0.004,7.58,0.084017,9,0,,0
2020,tuning,0.25,5,0000000A,sim_inflate_2,0.53275,,,0.00325,8.094,0.076178,7,1,,0
2020,tuning,0.25,5,0000000C,sim_inflate_2,0.60325,,,0.00425,7.57675,0.141425,5,1,,0
2020,tuning,0.25,5,0000000D,sim_inflate_2,0.95875,,,0.01775,4.40525,0.103134,6,1,,0
2020,tuning,0.25,5,00000010,sim_inflate_2,0.995,,,0.12125,2.58675,0.100638,4,1,,0
2020,tuning,0.25,5,00000011,sim_inflate_2,0.80925,,,0.0155,6.2645,0.227847,10,0,,0
2020,tuning,0.25,5,098B68C2,sim_inflate_2,0.53075,,,0.00275,8.0015,0.146381,11,0,,0
2020,tuning,0.25,5,2A25C696,sim_inflate_2,0.8095,,,0.01625,5.719,0.128028,3,1,,0
2020,tuning,0.25,5,46130127,sim_inflate_2,0.67325,,,0.0255,6.88075,0.31379,12,0,,0
2020,tuning,0.25,5,4C2C8907,sim_inflate_2,0.2595,,,0.001,9.66775,0.107595,8,1,,0
2020,tuning,0.25,5,F7D46144,sim_inflate_2,0.23625,,,0.0005,9.91325,0.610666,2,1,,0
2020,tuning,0.25,5,00000001,point_sim,1.0,,,0.94525,1.0515,0.000236,1,1,,1
2020,tuning,0.25,5,00000005,point_sim,0.62225,,,0.00025,7.69475,0.074234,9,0,,0
2020,tuning,0.25,5,0000000A,point_sim,0.457,,,0.0,8.53325,0.090037,7,1,,0
2020,tuning,0.25,5,0000000C,point_sim,0.64975,,,0.00025,7.59225,0.145164,5,1,,0
2020,tuning,0.25,5,0000000D,point_sim,0.99675,,,0.00525,3.566,0.180925,6,1,,0
2020,tuning,0.25,5,00000010,point_sim,1.0,,,0.04775,2.07525,0.161401,4,1,,0
2020,tuning,0.25,5,00000011,point_sim,0.90775,,,0.00075,5.805,0.29146,10,0,,0
2020,tuning,0.25,5,098B68C2,point_sim,0.45475,,,0.0,8.4965,0.129211,11,0,,0
2020,tuning,0.25,5,2A25C696,point_sim,0.95025,,,0.0005,4.86525,0.087229,3,1,,0
2020,tuning,0.25,5,46130127,point_sim,0.80975,,,0.0,6.66875,0.38368,12,0,,0
2020,tuning,0.25,5,4C2C8907,point_sim,0.0885,,,0.0,10.59675,0.181107,8,1,,0
2020,tuning,0.25,5,F7D46144,point_sim,0.06325,,,0.0,11.05475,0.764951,2,1,,0
2020,tuning,0.25,5,00000001,elo_sim,1.0,,,0.86725,1.20425,0.003765,1,1,,1
2020,tuning,0.25,5,00000005,elo_sim,0.532,,,0.0,8.32375,0.04789,9,0,,0
2020,tuning,0.25,5,0000000A,elo_sim,0.3715,,,0.0,9.01175,0.116336,7,1,,0
2020,tuning,0.25,5,0000000C,elo_sim,0.24425,,,0.0,9.623,0.335964,5,1,,0
2020,tuning,0.25,5,0000000D,elo_sim,0.99925,,,0.001,3.432,0.203637,6,1,,0
2020,tuning,0.25,5,00000010,elo_sim,1.0,,,0.1315,1.81075,0.183045,4,1,,0
2020,tuning,0.25,5,00000011,elo_sim,0.90525,,,0.0,6.242,0.261191,10,0,,0
2020,tuning,0.25,5,098B68C2,elo_sim,0.80675,,,0.0,6.81125,0.283086,11,0,,0
2020,tuning,0.25,5,2A25C696,elo_sim,0.9745,,,0.00025,4.83375,0.092694,3,1,,0
2020,tuning,0.25,5,46130127,elo_sim,0.95925,,,0.0,5.47325,0.516182,12,0,,0
2020,tuning,0.25,5,4C2C8907,elo_sim,0.172,,,0.0,9.948,0.118976,8,1,,0
2020,tuning,0.25,5,F7D46144,elo_sim,0.03525,,,0.0,11.28625,0.797121,2,1,,0
2020,tuning,0.25,5,00000001,standings_now,1.0,,,0.0,2.0,0.090909,1,1,,1
2020,tuning,0.25,5,00000005,standings_now,1.0,,,0.0,7.0,0.181818,9,0,,0
2020,tuning,0.25,5,0000000A,standings_now,0.0,,,0.0,9.0,0.181818,7,1,,0
2020,tuning,0.25,5,0000000C,standings_now,1.0,,,0.0,8.0,0.272727,5,1,,0
2020,tuning,0.25,5,0000000D,standings_now,1.0,,,0.0,4.0,0.181818,6,1,,0
2020,tuning,0.25,5,00000010,standings_now,1.0,,,1.0,1.0,0.272727,4,1,,0
2020,tuning,0.25,5,00000011,standings_now,1.0,,,0.0,5.0,0.454545,10,0,,0
2020,tuning,0.25,5,098B68C2,standings_now,0.0,,,0.0,11.0,0.0,11,0,,0
2020,tuning,0.25,5,2A25C696,standings_now,1.0,,,0.0,3.0,0.0,3,1,,0
2020,tuning,0.25,5,46130127,standings_now,1.0,,,0.0,6.0,0.545455,12,0,,0
2020,tuning,0.25,5,4C2C8907,standings_now,0.0,,,0.0,10.0,0.181818,8,1,,0
2020,tuning,0.25,5,F7D46144,standings_now,0.0,,,0.0,12.0,0.909091,2,1,,0
2020,tuning,0.5,11,00000001,sim_full,1.0,,,0.8675,1.05675,0.000238,1,1,,1
2020,tuning,0.5,11,00000005,sim_full,0.22425,,,0.00025,9.801,0.057841,9,0,,0
2020,tuning,0.5,11,0000000A,sim_full,0.7085,,,0.00525,7.4255,0.043149,7,1,,0
2020,tuning,0.5,11,0000000C,sim_full,0.76975,,,0.0015,7.0125,0.104001,5,1,,0
2020,tuning,0.5,11,0000000D,sim_full,0.985,,,0.00925,4.60775,0.081919,6,1,,0
2020,tuning,0.5,11,00000010,sim_full,0.99975,,,0.08775,2.519,0.105849,4,1,,0
2020,tuning,0.5,11,00000011,sim_full,0.652,,,0.00125,7.822,0.12457,10,0,,0
2020,tuning,0.5,11,098B68C2,sim_full,0.18275,,,0.00025,10.139,0.040558,11,0,,0
2020,tuning,0.5,11,2A25C696,sim_full,0.98375,,,0.014,4.424,0.068564,3,1,,0
2020,tuning,0.5,11,46130127,sim_full,0.15725,,,0.001,10.4125,0.0613,12,0,,0
2020,tuning,0.5,11,4C2C8907,sim_full,0.34,,,0.0,9.17225,0.069685,8,1,,0
2020,tuning,0.5,11,F7D46144,sim_full,0.997,,,0.012,3.60775,0.083889,2,1,,0
2020,tuning,0.5,11,00000001,sim_net,1.0,,,0.8825,1.04875,0.000181,1,1,,1
2020,tuning,0.5,11,00000005,sim_net,0.226,,,0.0,9.7975,0.057541,9,0,,0
2020,tuning,0.5,11,0000000A,sim_net,0.716,,,0.0035,7.39775,0.042198,7,1,,0
2020,tuning,0.5,11,0000000C,sim_net,0.767,,,0.00075,7.0355,0.105782,5,1,,0
2020,tuning,0.5,11,0000000D,sim_net,0.98625,,,0.00925,4.6115,0.081117,6,1,,0
2020,tuning,0.5,11,00000010,sim_net,0.99975,,,0.0815,2.495,0.108832,4,1,,0
2020,tuning,0.5,11,00000011,sim_net,0.64925,,,0.00075,7.84325,0.122855,10,0,,0
2020,tuning,0.5,11,098B68C2,sim_net,0.1795,,,0.00025,10.18125,0.03848,11,0,,0
2020,tuning,0.5,11,2A25C696,sim_net,0.98425,,,0.01125,4.4055,0.06788,3,1,,0
2020,tuning,0.5,11,46130127,sim_net,0.1545,,,0.0005,10.4205,0.060161,12,0,,0
2020,tuning,0.5,11,4C2C8907,sim_net,0.34075,,,0.0,9.155,0.068615,8,1,,0
2020,tuning,0.5,11,F7D46144,sim_net,0.99675,,,0.00975,3.6085,0.084795,2,1,,0
2020,tuning,0.5,11,00000001,sim_inflate_1.5,1.0,,,0.86275,1.06825,0.000342,1,1,,1
2020,tuning,0.5,11,00000005,sim_inflate_1.5,0.238,,,0.00025,9.75975,0.057152,9,0,,0
2020,tuning,0.5,11,0000000A,sim_inflate_1.5,0.702,,,0.00475,7.4095,0.045183,7,1,,0
2020,tuning,0.5,11,0000000C,sim_inflate_1.5,0.7475,,,0.00125,7.026,0.105198,5,1,,0
2020,tuning,0.5,11,0000000D,sim_inflate_1.5,0.97775,,,0.0095,4.683,0.077289,6,1,,0
2020,tuning,0.5,11,00000010,sim_inflate_1.5,0.99975,,,0.09175,2.5565,0.102115,4,1,,0
2020,tuning,0.5,11,00000011,sim_inflate_1.5,0.63775,,,0.00225,7.8545,0.11945,10,0,,0
2020,tuning,0.5,11,098B68C2,sim_inflate_1.5,0.1995,,,0.00025,10.0945,0.041337,11,0,,0
2020,tuning,0.5,11,2A25C696,sim_inflate_1.5,0.979,,,0.01175,4.46975,0.069616,3,1,,0
2020,tuning,0.5,11,46130127,sim_inflate_1.5,0.17525,,,0.00025,10.31225,0.065388,12,0,,0
2020,tuning,0.5,11,4C2C8907,sim_inflate_1.5,0.34875,,,0.00075,9.106,0.069,8,1,,0
2020,tuning,0.5,11,F7D46144,sim_inflate_1.5,0.99475,,,0.0145,3.66,0.085966,2,1,,0
2020,tuning,0.5,11,00000001,sim_inflate_2,1.0,,,0.83375,1.0945,0.000596,1,1,,1
2020,tuning,0.5,11,00000005,sim_inflate_2,0.24925,,,0.00025,9.70775,0.057243,9,0,,0
2020,tuning,0.5,11,0000000A,sim_inflate_2,0.689,,,0.006,7.41775,0.047958,7,1,,0
2020,tuning,0.5,11,0000000C,sim_inflate_2,0.73475,,,0.003,7.03525,0.106642,5,1,,0
2020,tuning,0.5,11,0000000D,sim_inflate_2,0.96925,,,0.0145,4.72675,0.076844,6,1,,0
2020,tuning,0.5,11,00000010,sim_inflate_2,0.99925,,,0.10025,2.6135,0.09657,4,1,,0
2020,tuning,0.5,11,00000011,sim_inflate_2,0.62425,,,0.002,7.87275,0.116782,10,0,,0
2020,tuning,0.5,11,098B68C2,sim_inflate_2,0.21425,,,0.00075,9.99275,0.044857,11,0,,0
2020,tuning,0.5,11,2A25C696,sim_inflate_2,0.96875,,,0.01825,4.53325,0.071288,3,1,,0
2020,tuning,0.5,11,46130127,sim_inflate_2,0.19725,,,0.001,10.22675,0.068707,12,0,,0
2020,tuning,0.5,11,4C2C8907,sim_inflate_2,0.36025,,,0.00125,9.07,0.06846,8,1,,0
2020,tuning,0.5,11,F7D46144,sim_inflate_2,0.99375,,,0.019,3.709,0.086736,2,1,,0
2020,tuning,0.5,11,00000001,point_sim,1.0,,,0.93775,1.027,6.3e-05,1,1,,1
2020,tuning,0.5,11,00000005,point_sim,0.1815,,,0.0,9.9475,0.060274,9,0,,0
2020,tuning,0.5,11,0000000A,point_sim,0.779,,,0.0005,7.3175,0.033206,7,1,,0
2020,tuning,0.5,11,0000000C,point_sim,0.818,,,0.00025,6.95425,0.105345,5,1,,0
2020,tuning,0.5,11,0000000D,point_sim,0.995,,,0.00425,4.49325,0.090554,6,1,,0
2020,tuning,0.5,11,00000010,point_sim,1.0,,,0.04575,2.3665,0.123668,4,1,,0
2020,tuning,0.5,11,00000011,point_sim,0.70475,,,0.0,7.74325,0.137272,10,0,,0
2020,tuning,0.5,11,098B68C2,point_sim,0.1285,,,0.0,10.39025,0.032231,11,0,,0
2020,tuning,0.5,11,2A25C696,point_sim,0.993,,,0.0055,4.33625,0.068488,3,1,,0
2020,tuning,0.5,11,46130127,point_sim,0.09025,,,0.0,10.70175,0.049147,12,0,,0
2020,tuning,0.5,11,4C2C8907,point_sim,0.31125,,,0.0,9.2365,0.070217,8,1,,0
2020,tuning,0.5,11,F7D46144,point_sim,0.99875,,,0.006,3.486,0.081754,2,1,,0
2020,tuning,0.5,11,00000001,elo_sim,1.0,,,0.93375,1.0435,0.000147,1,1,,1
2020,tuning,0.5,11,00000005,elo_sim,0.07075,,,0.0,10.6515,0.104886,9,0,,0
2020,tuning,0.5,11,0000000A,elo_sim,0.757,,,0.0,7.40225,0.035306,7,1,,0
2020,tuning,0.5,11,0000000C,elo_sim,0.66375,,,0.0,7.827,0.169696,5,1,,0
2020,tuning,0.5,11,0000000D,elo_sim,0.997,,,0.00025,4.758,0.080787,6,1,,0
2020,tuning,0.5,11,00000010,elo_sim,1.0,,,0.049,2.38325,0.11858,4,1,,0
2020,tuning,0.5,11,00000011,elo_sim,0.72425,,,0.00025,7.63125,0.148696,10,0,,0
2020,tuning,0.5,11,098B68C2,elo_sim,0.13425,,,0.0,10.294,0.036088,11,0,,0
2020,tuning,0.5,11,2A25C696,elo_sim,0.99925,,,0.0045,4.20475,0.070944,3,1,,0
2020,tuning,0.5,11,46130127,elo_sim,0.10925,,,0.0,10.55675,0.059701,12,0,,0
2020,tuning,0.5,11,4C2C8907,elo_sim,0.5445,,,0.0,8.32125,0.035378,8,1,,0
2020,tuning,0.5,11,F7D46144,elo_sim,1.0,,,0.01225,2.9265,0.051115,2,1,,0
2020,tuning,0.5,11,00000001,standings_now,1.0,,,1.0,1.0,0.0,1,1,,1
2020,tuning,0.5,11,00000005,standings_now,0.0,,,0.0,12.0,0.272727,9,0,,0
2020,tuning,0.5,11,0000000A,standings_now,1.0,,,0.0,8.0,0.090909,7,1,,0
2020,tuning,0.5,11,0000000C,standings_now,1.0,,,0.0,6.0,0.090909,5,1,,0
2020,tuning,0.5,11,0000000D,standings_now,1.0,,,0.0,5.0,0.090909,6,1,,0
2020,tuning,0.5,11,00000010,standings_now,1.0,,,0.0,3.0,0.090909,4,1,,0
2020,tuning,0.5,11,00000011,standings_now,1.0,,,0.0,7.0,0.272727,10,0,,0
2020,tuning,0.5,11,098B68C2,standings_now,0.0,,,0.0,10.0,0.090909,11,0,,0
2020,tuning,0.5,11,2A25C696,standings_now,1.0,,,0.0,4.0,0.090909,3,1,,0
2020,tuning,0.5,11,46130127,standings_now,0.0,,,0.0,11.0,0.090909,12,0,,0
2020,tuning,0.5,11,4C2C8907,standings_now,0.0,,,0.0,9.0,0.090909,8,1,,0
2020,tuning,0.5,11,F7D46144,standings_now,1.0,,,0.0,2.0,0.0,2,1,,0
2020,tuning,0.75,16,00000001,sim_full,1.0,,,0.82,1.09225,0.000571,1,1,,1
2020,tuning,0.75,16,00000005,sim_full,0.55625,,,0.00075,8.3015,0.03987,9,0,,0
2020,tuning,0.75,16,0000000A,sim_full,0.78,,,0.00275,7.5005,0.027858,7,1,,0
2020,tuning,0.75,16,0000000C,sim_full,0.95525,,,0.002,5.99375,0.04343,5,1,,0
2020,tuning,0.75,16,0000000D,sim_full,0.985,,,0.00375,5.544,0.031253,6,1,,0
2020,tuning,0.75,16,00000010,sim_full,1.0,,,0.124,2.71225,0.076085,4,1,,0
2020,tuning,0.75,16,00000011,sim_full,0.2235,,,0.0,9.52775,0.030867,10,0,,0
2020,tuning,0.75,16,098B68C2,sim_full,0.07625,,,0.0,10.6175,0.019464,11,0,,0
2020,tuning,0.75,16,2A25C696,sim_full,1.0,,,0.02625,3.7275,0.043429,3,1,,0
2020,tuning,0.75,16,46130127,sim_full,0.013,,,0.0,11.48075,0.012205,12,0,,0
2020,tuning,0.75,16,4C2C8907,sim_full,0.41075,,,0.00025,8.79125,0.046893,8,1,,0
2020,tuning,0.75,16,F7D46144,sim_full,1.0,,,0.02025,2.711,0.033627,2,1,,0
2020,tuning,0.75,16,00000001,sim_net,1.0,,,0.83375,1.08275,0.000457,1,1,,1
2020,tuning,0.75,16,00000005,sim_net,0.55575,,,0.0005,8.32025,0.039349,9,0,,0
2020,tuning,0.75,16,0000000A,sim_net,0.78575,,,0.00325,7.46,0.02669,7,1,,0
2020,tuning,0.75,16,0000000C,sim_net,0.95625,,,0.0015,6.0035,0.043843,5,1,,0
2020,tuning,0.75,16,0000000D,sim_net,0.98575,,,0.0035,5.54175,0.031094,6,1,,0
2020,tuning,0.75,16,00000010,sim_net,1.0,,,0.1155,2.7005,0.077324,4,1,,0
2020,tuning,0.75,16,00000011,sim_net,0.21475,,,0.0,9.54175,0.029899,10,0,,0
2020,tuning,0.75,16,098B68C2,sim_net,0.07475,,,0.0,10.6345,0.018883,11,0,,0
2020,tuning,0.75,16,2A25C696,sim_net,0.99975,,,0.02575,3.719,0.043408,3,1,,0
2020,tuning,0.75,16,46130127,sim_net,0.012,,,0.0,11.4955,0.01173,12,0,,0
2020,tuning,0.75,16,4C2C8907,sim_net,0.41525,,,0.0,8.77875,0.045637,8,1,,0
2020,tuning,0.75,16,F7D46144,sim_net,1.0,,,0.01625,2.72175,0.034769,2,1,,0
2020,tuning,0.75,16,00000001,sim_inflate_1.5,1.0,,,0.8045,1.10475,0.000701,1,1,,1
2020,tuning,0.75,16,00000005,sim_inflate_1.5,0.5575,,,0.0025,8.2895,0.040627,9,0,,0
2020,tuning,0.75,16,0000000A,sim_inflate_1.5,0.768,,,0.0055,7.4985,0.029216,7,1,,0
2020,tuning,0.75,16,0000000C,sim_inflate_1.5,0.9505,,,0.00275,6.0305,0.045399,5,1,,0
2020,tuning,0.75,16,0000000D,sim_inflate_1.5,0.97925,,,0.0045,5.567,0.03118,6,1,,0
2020,tuning,0.75,16,00000010,sim_inflate_1.5,1.0,,,0.124,2.71475,0.075129,4,1,,0
2020,tuning,0.75,16,00000011,sim_inflate_1.5,0.224,,,0.0,9.529,0.030671,10,0,,0
2020,tuning,0.75,16,098B68C2,sim_inflate_1.5,0.0875,,,0.0,10.5835,0.020896,11,0,,0
2020,tuning,0.75,16,2A25C696,sim_inflate_1.5,0.99925,,,0.03125,3.72825,0.042539,3,1,,0
2020,tuning,0.75,16,46130127,sim_inflate_1.5,0.01475,,,0.0,11.45325,0.013145,12,0,,0
2020,tuning,0.75,16,4C2C8907,sim_inflate_1.5,0.41925,,,0.0005,8.77325,0.046262,8,1,,0
2020,tuning,0.75,16,F7D46144,sim_inflate_1.5,1.0,,,0.0245,2.72775,0.034651,2,1,,0
2020,tuning,0.75,16,00000001,sim_inflate_2,1.0,,,0.7705,1.1295,0.001027,1,1,,1
2020,tuning,0.75,16,00000005,sim_inflate_2,0.55425,,,0.003,8.287,0.041536,9,0,,0
2020,tuning,0.75,16,0000000A,sim_inflate_2,0.751,,,0.00675,7.5325,0.031291,7,1,,0
2020,tuning,0.75,16,0000000C,sim_inflate_2,0.9455,,,0.00475,6.04,0.046039,5,1,,0
2020,tuning,0.75,16,0000000D,sim_inflate_2,0.9735,,,0.00625,5.5835,0.031272,6,1,,0
2020,tuning,0.75,16,00000010,sim_inflate_2,1.0,,,0.13875,2.7205,0.074396,4,1,,0
2020,tuning,0.75,16,00000011,sim_inflate_2,0.23325,,,0.00025,9.517,0.0322,10,0,,0
2020,tuning,0.75,16,098B68C2,sim_inflate_2,0.101,,,0.0005,10.5325,0.022785,11,0,,0
2020,tuning,0.75,16,2A25C696,sim_inflate_2,0.9995,,,0.03625,3.73525,0.042213,3,1,,0
2020,tuning,0.75,16,46130127,sim_inflate_2,0.0185,,,0.0,11.412,0.014626,12,0,,0
2020,tuning,0.75,16,4C2C8907,sim_inflate_2,0.4235,,,0.00175,8.7715,0.046791,8,1,,0
2020,tuning,0.75,16,F7D46144,sim_inflate_2,1.0,,,0.03125,2.73875,0.035056,2,1,,0
2020,tuning,0.75,16,00000001,point_sim,1.0,,,0.88525,1.0505,0.000192,1,1,,1
2020,tuning,0.75,16,00000005,point_sim,0.557,,,0.00025,8.356,0.037371,9,0,,0
2020,tuning,0.75,16,0000000A,point_sim,0.82075,,,0.0005,7.38375,0.022242,7,1,,0
2020,tuning,0.75,16,0000000C,point_sim,0.97075,,,0.0,5.963,0.042668,5,1,,0
2020,tuning,0.75,16,0000000D,point_sim,0.992,,,0.002,5.50175,0.031855,6,1,,0
2020,tuning,0.75,16,00000010,point_sim,1.0,,,0.08825,2.679,0.08049,4,1,,0
2020,tuning,0.75,16,00000011,point_sim,0.1975,,,0.0,9.55975,0.027751,10,0,,0
2020,tuning,0.75,16,098B68C2,point_sim,0.045,,,0.0,10.739,0.014242,11,0,,0
2020,tuning,0.75,16,2A25C696,point_sim,0.99975,,,0.01575,3.721,0.047578,3,1,,0
2020,tuning,0.75,16,46130127,point_sim,0.00675,,,0.0,11.57775,0.008987,12,0,,0
2020,tuning,0.75,16,4C2C8907,point_sim,0.4105,,,0.0,8.7815,0.044354,8,1,,0
2020,tuning,0.75,16,F7D46144,point_sim,1.0,,,0.008,2.687,0.033694,2,1,,0
2020,tuning,0.75,16,00000001,elo_sim,1.0,,,0.8795,1.07875,0.000414,1,1,,1
2020,tuning,0.75,16,00000005,elo_sim,0.5755,,,0.0,8.20625,0.039817,9,0,,0
2020,tuning,0.75,16,0000000A,elo_sim,0.73875,,,0.0,7.6895,0.03294,7,1,,0
2020,tuning,0.75,16,0000000C,elo_sim,0.9725,,,0.0,5.915,0.036766,5,1,,0
2020,tuning,0.75,16,0000000D,elo_sim,0.99325,,,0.00025,5.60675,0.026169,6,1,,0
2020,tuning,0.75,16,00000010,elo_sim,1.0,,,0.07025,2.89875,0.056723,4,1,,0
2020,tuning,0.75,16,00000011,elo_sim,0.094,,,0.0,9.99325,0.018449,10,0,,0
2020,tuning,0.75,16,098B68C2,elo_sim,0.02825,,,0.0,10.78625,0.014257,11,0,,0
2020,tuning,0.75,16,2A25C696,elo_sim,1.0,,,0.0135,3.55725,0.037872,3,1,,0
2020,tuning,0.75,16,46130127,elo_sim,0.00475,,,0.0,11.5275,0.011159,12,0,,0
2020,tuning,0.75,16,4C2C8907,elo_sim,0.593,,,0.0,8.2405,0.025229,8,1,,0
2020,tuning,0.75,16,F7D46144,elo_sim,1.0,,,0.0365,2.50025,0.02113,2,1,,0
2020,tuning,0.75,16,00000001,standings_now,1.0,,,1.0,1.0,0.0,1,1,,1
2020,tuning,0.75,16,00000005,standings_now,1.0,,,0.0,8.0,0.090909,9,0,,0
2020,tuning,0.75,16,0000000A,standings_now,1.0,,,0.0,7.0,0.0,7,1,,0
2020,tuning,0.75,16,0000000C,standings_now,1.0,,,0.0,5.0,0.0,5,1,,0
2020,tuning,0.75,16,0000000D,standings_now,1.0,,,0.0,6.0,0.0,6,1,,0
2020,tuning,0.75,16,00000010,standings_now,1.0,,,0.0,3.0,0.090909,4,1,,0
2020,tuning,0.75,16,00000011,standings_now,0.0,,,0.0,10.0,0.0,10,0,,0
2020,tuning,0.75,16,098B68C2,standings_now,0.0,,,0.0,11.0,0.0,11,0,,0
2020,tuning,0.75,16,2A25C696,standings_now,1.0,,,0.0,4.0,0.090909,3,1,,0
2020,tuning,0.75,16,46130127,standings_now,0.0,,,0.0,12.0,0.0,12,0,,0
2020,tuning,0.75,16,4C2C8907,standings_now,0.0,,,0.0,9.0,0.090909,8,1,,0
2020,tuning,0.75,16,F7D46144,standings_now,1.0,,,0.0,2.0,0.0,2,1,,0
2021,tuning,0.25,6,00000001,sim_full,1.0,,,0.2285,1.9195,0.002489,2,1,,0
2021,tuning,0.25,6,00000002,sim_full,1.0,,,0.75975,1.17225,0.002173,1,1,,0
2021,tuning,0.25,6,00000004,sim_full,0.453,,,0.00175,8.667,0.105586,11,0,,0
2021,tuning,0.25,6,00000005,sim_full,0.5525,,,0.00125,8.09925,0.068644,7,1,,0
2021,tuning,0.25,6,0000000A,sim_full,0.82775,,,0.00075,5.93725,0.133379,3,1,,0
2021,tuning,0.25,6,0000000C,sim_full,0.29675,,,0.0,9.67175,0.065006,9,0,,0
2021,tuning,0.25,6,0000000D,sim_full,0.5825,,,0.00025,7.838,0.05494,8,1,,0
2021,tuning,0.25,6,00000010,sim_full,0.8965,,,0.0045,5.3875,0.056113,4,1,,0
2021,tuning,0.25,6,00000011,sim_full,0.21475,,,0.0,10.184,0.128738,13,0,,0
2021,tuning,0.25,6,098B68C2,sim_full,0.05875,,,0.0,11.81825,0.420106,6,1,,0
2021,tuning,0.25,6,2A25C696,sim_full,0.852,,,0.00125,5.8395,0.050625,5,1,,1
2021,tuning,0.25,6,4C2C8907,sim_full,0.3495,,,0.0,9.303,0.121667,12,0,,0
2021,tuning,0.25,6,F7D46144,sim_full,0.916,,,0.002,5.16275,0.311212,10,0,,0
2021,tuning,0.25,6,00000001,sim_net,1.0,,,0.21925,1.907,0.002193,2,1,,0
2021,tuning,0.25,6,00000002,sim_net,1.0,,,0.77425,1.162,0.002005,1,1,,0
2021,tuning,0.25,6,00000004,sim_net,0.44725,,,0.001,8.6965,0.103442,11,0,,0
2021,tuning,0.25,6,00000005,sim_net,0.562,,,0.0005,8.038,0.066175,7,1,,0
2021,tuning,0.25,6,0000000A,sim_net,0.82725,,,0.0,5.95975,0.135489,3,1,,0
2021,tuning,0.25,6,0000000C,sim_net,0.29325,,,0.00025,9.688,0.065206,9,0,,0
2021,tuning,0.25,6,0000000D,sim_net,0.58825,,,0.00025,7.815,0.054541,8,1,,0
2021,tuning,0.25,6,00000010,sim_net,0.9025,,,0.003,5.354,0.055143,4,1,,0
2021,tuning,0.25,6,00000011,sim_net,0.2155,,,0.0,10.19575,0.128347,13,0,,0
2021,tuning,0.25,6,098B68C2,sim_net,0.05175,,,0.0,11.87625,0.426993,6,1,,0
2021,tuning,0.25,6,2A25C696,sim_net,0.85,,,0.001,5.84675,0.050918,5,1,,1
2021,tuning,0.25,6,4C2C8907,sim_net,0.34075,,,0.0,9.33225,0.120386,12,0,,0
2021,tuning,0.25,6,F7D46144,sim_net,0.9215,,,0.0005,5.12875,0.314941,10,0,,0
2021,tuning,0.25,6,00000001,sim_inflate_1.5,1.0,,,0.2455,1.93075,0.00335,2,1,,0
2021,tuning,0.25,6,00000002,sim_inflate_1.5,1.0,,,0.73825,1.21375,0.002865,1,1,,0
2021,tuning,0.25,6,00000004,sim_inflate_1.5,0.4625,,,0.00225,8.59675,0.109188,11,0,,0
2021,tuning,0.25,6,00000005,sim_inflate_1.5,0.561,,,0.0025,8.051,0.068031,7,1,,0
2021,tuning,0.25,6,0000000A,sim_inflate_1.5,0.80425,,,0.00125,6.08025,0.140852,3,1,,0
2021,tuning,0.25,6,0000000C,sim_inflate_1.5,0.317,,,0.00025,9.55725,0.065152,9,0,,0
2021,tuning,0.25,6,0000000D,sim_inflate_1.5,0.57125,,,0.00075,7.8525,0.057771,8,1,,0
2021,tuning,0.25,6,00000010,sim_inflate_1.5,0.874,,,0.004,5.5415,0.063278,4,1,,0
2021,tuning,0.25,6,00000011,sim_inflate_1.5,0.2475,,,0.0,10.01275,0.135815,13,0,,0
2021,tuning,0.25,6,098B68C2,sim_inflate_1.5,0.072,,,0.0,11.66025,0.400893,6,1,,0
2021,tuning,0.25,6,2A25C696,sim_inflate_1.5,0.8275,,,0.002,5.9855,0.055492,5,1,,1
2021,tuning,0.25,6,4C2C8907,sim_inflate_1.5,0.36425,,,0.0005,9.2185,0.124925,12,0,,0
2021,tuning,0.25,6,F7D46144,sim_inflate_1.5,0.89875,,,0.00275,5.29925,0.295934,10,0,,0
2021,tuning,0.25,6,00000001,sim_inflate_2,1.0,,,0.25325,1.96875,0.004716,2,1,,0
2021,tuning,0.25,6,00000002,sim_inflate_2,0.9995,,,0.71525,1.2775,0.003884,1,1,,0
2021,tuning,0.25,6,00000004,sim_inflate_2,0.468,,,0.008,8.53025,0.112202,11,0,,0
2021,tuning,0.25,6,00000005,sim_inflate_2,0.5595,,,0.0035,8.05425,0.070326,7,1,,0
2021,tuning,0.25,6,0000000A,sim_inflate_2,0.78325,,,0.00375,6.18425,0.145522,3,1,,0
2021,tuning,0.25,6,0000000C,sim_inflate_2,0.325,,,0.00075,9.482,0.0655,9,0,,0
2021,tuning,0.25,6,0000000D,sim_inflate_2,0.571,,,0.0015,7.86525,0.05952,8,1,,0
2021,tuning,0.25,6,00000010,sim_inflate_2,0.85625,,,0.007,5.66275,0.068516,4,1,,0
2021,tuning,0.25,6,00000011,sim_inflate_2,0.27225,,,0.00075,9.8525,0.142943,13,0,,0
2021,tuning,0.25,6,098B68C2,sim_inflate_2,0.093,,,0.00025,11.473,0.378633,6,1,,0
2021,tuning,0.25,6,2A25C696,sim_inflate_2,0.81525,,,0.0025,6.076,0.058608,5,1,,1
2021,tuning,0.25,6,4C2C8907,sim_inflate_2,0.376,,,0.00025,9.14875,0.127485,12,0,,0
2021,tuning,0.25,6,F7D46144,sim_inflate_2,0.881,,,0.00325,5.42475,0.281867,10,0,,0
2021,tuning,0.25,6,00000001,point_sim,1.0,,,0.14325,1.929,0.000557,2,1,,0
2021,tuning,0.25,6,00000002,point_sim,1.0,,,0.8565,1.08125,0.00055,1,1,,0
2021,tuning,0.25,6,00000004,point_sim,0.40725,,,0.0,8.9455,0.098583,11,0,,0
2021,tuning,0.25,6,00000005,point_sim,0.5815,,,0.0,8.0375,0.06015,7,1,,0
2021,tuning,0.25,6,0000000A,point_sim,0.902,,,0.0,5.54725,0.118403,3,1,,0
2021,tuning,0.25,6,0000000C,point_sim,0.2305,,,0.0,9.983,0.064826,9,0,,0
2021,tuning,0.25,6,0000000D,point_sim,0.63725,,,0.0,7.68675,0.046866,8,1,,0
2021,tuning,0.25,6,00000010,point_sim,0.949,,,0.0,4.91575,0.03828,4,1,,0
2021,tuning,0.25,6,00000011,point_sim,0.1165,,,0.0,10.79575,0.104136,13,0,,0
2021,tuning,0.25,6,098B68C2,point_sim,0.01525,,,0.0,12.3865,0.492574,6,1,,0
2021,tuning,0.25,6,2A25C696,point_sim,0.917,,,0.00025,5.44625,0.038504,5,1,,1
2021,tuning,0.25,6,4C2C8907,point_sim,0.2855,,,0.0,9.579,0.112307,12,0,,0
2021,tuning,0.25,6,F7D46144,point_sim,0.95825,,,0.0,4.6665,0.368246,10,0,,0
2021,tuning,0.25,6,00000001,elo_sim,1.0,,,0.37425,1.77475,0.004796,2,1,,0
2021,tuning,0.25,6,00000002,elo_sim,1.0,,,0.62275,1.23975,0.00478,1,1,,0
2021,tuning,0.25,6,00000004,elo_sim,0.5105,,,0.0,8.25525,0.143389,11,0,,0
2021,tuning,0.25,6,00000005,elo_sim,0.74225,,,0.0,7.1185,0.040156,7,1,,0
2021,tuning,0.25,6,0000000A,elo_sim,0.90525,,,0.0,5.65075,0.131969,3,1,,0
2021,tuning,0.25,6,0000000C,elo_sim,0.181,,,0.0,9.93025,0.060989,9,0,,0
2021,tuning,0.25,6,0000000D,elo_sim,0.57175,,,0.0,7.999,0.039339,8,1,,0
2021,tuning,0.25,6,00000010,elo_sim,0.95325,,,0.00075,5.04775,0.040874,4,1,,0
2021,tuning,0.25,6,00000011,elo_sim,0.00425,,,0.0,11.83825,0.066179,13,0,,0
2021,tuning,0.25,6,098B68C2,elo_sim,0.0,,,0.0,12.81975,0.555379,6,1,,0
2021,tuning,0.25,6,2A25C696,elo_sim,0.8695,,,0.0,6.2045,0.055653,5,1,,1
2021,tuning,0.25,6,4C2C8907,elo_sim,0.26975,,,0.0,9.39425,0.13707,12,0,,0
2021,tuning,0.25,6,F7D46144,elo_sim,0.9925,,,0.00225,3.72725,0.477426,10,0,,0
2021,tuning,0.25,6,00000001,standings_now,1.0,,,0.0,2.0,0.0,2,1,,0
2021,tuning,0.25,6,00000002,standings_now,1.0,,,1.0,1.0,0.0,1,1,,0
2021,tuning,0.25,6,00000004,standings_now,1.0,,,0.0,6.0,0.416667,11,0,,0
2021,tuning,0.25,6,00000005,standings_now,0.0,,,0.0,9.0,0.166667,7,1,,0
2021,tuning,0.25,6,0000000A,standings_now,1.0,,,0.0,4.0,0.083333,3,1,,0
2021,tuning,0.25,6,0000000C,standings_now,0.0,,,0.0,12.0,0.25,9,0,,0
2021,tuning,0.25,6,0000000D,standings_now,1.0,,,0.0,8.0,0.0,8,1,,0
2021,tuning,0.25,6,00000010,standings_now,1.0,,,0.0,7.0,0.25,4,1,,0
2021,tuning,0.25,6,00000011,standings_now,0.0,,,0.0,11.0,0.166667,13,0,,0
2021,tuning,0.25,6,098B68C2,standings_now,0.0,,,0.0,13.0,0.583333,6,1,,0
2021,tuning,0.25,6,2A25C696,standings_now,1.0,,,0.0,5.0,0.0,5,1,,1
2021,tuning,0.25,6,4C2C8907,standings_now,0.0,,,0.0,10.0,0.166667,12,0,,0
2021,tuning,0.25,6,F7D46144,standings_now,1.0,,,0.0,3.0,0.583333,10,0,,0
2021,tuning,0.5,13,00000001,sim_full,1.0,,,0.37175,1.51875,0.01936,2,1,,0
2021,tuning,0.5,13,00000002,sim_full,1.0,,,0.62375,1.4825,0.01936,1,1,,0
2021,tuning,0.5,13,00000004,sim_full,0.092,,,0.0,11.0845,0.038353,11,0,,0
2021,tuning,0.5,13,00000005,sim_full,0.5505,,,0.00025,8.12375,0.063828,7,1,,0
2021,tuning,0.5,13,0000000A,sim_full,0.95425,,,0.0005,5.05325,0.093191,3,1,,0
2021,tuning,0.5,13,0000000C,sim_full,0.53375,,,0.0005,8.2655,0.050296,9,0,,0
2021,tuning,0.5,13,0000000D,sim_full,0.89625,,,0.001,5.9115,0.113161,8,1,,0
2021,tuning,0.5,13,00000010,sim_full,0.9185,,,0.00075,5.62525,0.068753,4,1,,0
2021,tuning,0.5,13,00000011,sim_full,0.10225,,,0.0,10.92125,0.092852,13,0,,0
2021,tuning,0.5,13,098B68C2,sim_full,0.09175,,,0.0,10.91325,0.332514,6,1,,0
2021,tuning,0.5,13,2A25C696,sim_full,0.99225,,,0.0015,3.8855,0.075978,5,1,,1
2021,tuning,0.5,13,4C2C8907,sim_full,0.1265,,,0.0,10.90975,0.046346,12,0,,0
2021,tuning,0.5,13,F7D46144,sim_full,0.742,,,0.0,7.30525,0.147241,10,0,,0
2021,tuning,0.5,13,00000001,sim_net,1.0,,,0.3715,1.50175,0.020729,2,1,,0
2021,tuning,0.5,13,00000002,sim_net,1.0,,,0.626,1.49925,0.020729,1,1,,0
2021,tuning,0.5,13,00000004,sim_net,0.086,,,0.0,11.1385,0.038884,11,0,,0
2021,tuning,0.5,13,00000005,sim_net,0.549,,,0.00025,8.13525,0.064311,7,1,,0
2021,tuning,0.5,13,0000000A,sim_net,0.95525,,,0.0,5.04125,0.092748,3,1,,0
2021,tuning,0.5,13,0000000C,sim_net,0.5355,,,0.0005,8.23925,0.049615,9,0,,0
2021,tuning,0.5,13,0000000D,sim_net,0.905,,,0.00025,5.8685,0.115945,8,1,,0
2021,tuning,0.5,13,00000010,sim_net,0.92025,,,0.00075,5.61925,0.069189,4,1,,0
2021,tuning,0.5,13,00000011,sim_net,0.09925,,,0.0,10.90475,0.095242,13,0,,0
2021,tuning,0.5,13,098B68C2,sim_net,0.0835,,,0.0,10.955,0.33787,6,1,,0
2021,tuning,0.5,13,2A25C696,sim_net,0.9935,,,0.00075,3.8805,0.076913,5,1,,1
2021,tuning,0.5,13,4C2C8907,sim_net,0.12375,,,0.0,10.9435,0.044731,12,0,,0
2021,tuning,0.5,13,F7D46144,sim_net,0.749,,,0.0,7.27325,0.150286,10,0,,0
2021,tuning,0.5,13,00000001,sim_inflate_1.5,1.0,,,0.38375,1.51275,0.019947,2,1,,0
2021,tuning,0.5,13,00000002,sim_inflate_1.5,1.0,,,0.60975,1.491,0.019968,1,1,,0
2021,tuning,0.5,13,00000004,sim_inflate_1.5,0.116,,,0.0,10.989,0.040191,11,0,,0
2021,tuning,0.5,13,00000005,sim_inflate_1.5,0.555,,,0.0,8.09475,0.064728,7,1,,0
2021,tuning,0.5,13,0000000A,sim_inflate_1.5,0.9405,,,0.001,5.13375,0.094906,3,1,,0
2021,tuning,0.5,13,0000000C,sim_inflate_1.5,0.527,,,0.00125,8.254,0.051869,9,0,,0
2021,tuning,0.5,13,0000000D,sim_inflate_1.5,0.885,,,0.00125,5.954,0.111035,8,1,,0
2021,tuning,0.5,13,00000010,sim_inflate_1.5,0.90325,,,0.00075,5.698,0.072066,4,1,,0
2021,tuning,0.5,13,00000011,sim_inflate_1.5,0.105,,,0.00025,10.857,0.096391,13,0,,0
2021,tuning,0.5,13,098B68C2,sim_inflate_1.5,0.1025,,,0.0,10.87925,0.328161,6,1,,0
2021,tuning,0.5,13,2A25C696,sim_inflate_1.5,0.9895,,,0.00175,3.97325,0.071581,5,1,,1
2021,tuning,0.5,13,4C2C8907,sim_inflate_1.5,0.14975,,,0.0,10.827,0.048835,12,0,,0
2021,tuning,0.5,13,F7D46144,sim_inflate_1.5,0.7265,,,0.00025,7.33625,0.143599,10,0,,0
2021,tuning,0.5,13,00000001,sim_inflate_2,1.0,,,0.39025,1.513,0.019968,2,1,,0
2021,tuning,0.5,13,00000002,sim_inflate_2,1.0,,,0.59725,1.494,0.019989,1,1,,0
2021,tuning,0.5,13,00000004,sim_inflate_2,0.13825,,,0.0,10.89775,0.042343,11,0,,0
2021,tuning,0.5,13,00000005,sim_inflate_2,0.55275,,,0.00075,8.088,0.06598,7,1,,0
2021,tuning,0.5,13,0000000A,sim_inflate_2,0.92925,,,0.00075,5.222,0.098071,3,1,,0
2021,tuning,0.5,13,0000000C,sim_inflate_2,0.522,,,0.002,8.2625,0.054585,9,0,,0
2021,tuning,0.5,13,0000000D,sim_inflate_2,0.8655,,,0.0015,6.05225,0.105679,8,1,,0
2021,tuning,0.5,13,00000010,sim_inflate_2,0.88625,,,0.0015,5.77875,0.075084,4,1,,0
2021,tuning,0.5,13,00000011,sim_inflate_2,0.122,,,0.00025,10.7695,0.099504,13,0,,0
2021,tuning,0.5,13,098B68C2,sim_inflate_2,0.118,,,0.0,10.7825,0.316414,6,1,,0
2021,tuning,0.5,13,2A25C696,sim_inflate_2,0.98775,,,0.005,4.04825,0.06784,5,1,,1
2021,tuning,0.5,13,4C2C8907,sim_inflate_2,0.16775,,,0.0,10.7235,0.051908,12,0,,0
2021,tuning,0.5,13,F7D46144,sim_inflate_2,0.7105,,,0.00075,7.368,0.139566,10,0,,0
2021,tuning,0.5,13,00000001,point_sim,1.0,,,0.34125,1.50025,0.020813,2,1,,0
2021,tuning,0.5,13,00000002,point_sim,1.0,,,0.6585,1.49975,0.020813,1,1,,0
2021,tuning,0.5,13,00000004,point_sim,0.04025,,,0.0,11.3525,0.036618,11,0,,0
2021,tuning,0.5,13,00000005,point_sim,0.55675,,,0.0,8.1425,0.060357,7,1,,0
2021,tuning,0.5,13,0000000A,point_sim,0.9765,,,0.0,4.846,0.088201,3,1,,0
2021,tuning,0.5,13,0000000C,point_sim,0.56325,,,0.0,8.2015,0.044441,9,0,,0
2021,tuning,0.5,13,0000000D,point_sim,0.93475,,,0.0,5.76975,0.124761,8,1,,0
2021,tuning,0.5,13,00000010,point_sim,0.9585,,,0.00025,5.45275,0.064122,4,1,,0
2021,tuning,0.5,13,00000011,point_sim,0.06625,,,0.0,11.0285,0.092134,13,0,,0
2021,tuning,0.5,13,098B68C2,point_sim,0.04775,,,0.0,11.15425,0.36202,6,1,,0
2021,tuning,0.5,13,2A25C696,point_sim,0.99775,,,0.0,3.6345,0.092905,5,1,,1
2021,tuning,0.5,13,4C2C8907,point_sim,0.072,,,0.0,11.17675,0.037847,12,0,,0
2021,tuning,0.5,13,F7D46144,point_sim,0.78625,,,0.0,7.241,0.158578,10,0,,0
2021,tuning,0.5,13,00000001,elo_sim,1.0,,,0.62725,1.247,0.047282,2,1,,0
2021,tuning,0.5,13,00000002,elo_sim,1.0,,,0.37225,1.7535,0.047282,1,1,,0
2021,tuning,0.5,13,00000004,elo_sim,0.0805,,,0.0,10.66125,0.03072,11,0,,0
2021,tuning,0.5,13,00000005,elo_sim,0.6385,,,0.0,7.7955,0.047015,7,1,,0
2021,tuning,0.5,13,0000000A,elo_sim,0.984,,,0.0,4.998,0.107414,3,1,,0
2021,tuning,0.5,13,0000000C,elo_sim,0.5815,,,0.0,8.173,0.044508,9,0,,0
2021,tuning,0.5,13,0000000D,elo_sim,0.985,,,0.0,4.94375,0.201365,8,1,,0
2021,tuning,0.5,13,00000010,elo_sim,0.9555,,,0.0,5.8965,0.098313,4,1,,0
2021,tuning,0.5,13,00000011,elo_sim,0.022,,,0.0,11.59675,0.05598,13,0,,0
2021,tuning,0.5,13,098B68C2,elo_sim,0.04025,,,0.0,11.20675,0.36782,6,1,,0
2021,tuning,0.5,13,2A25C696,elo_sim,0.99925,,,0.0005,3.32425,0.123802,5,1,,1
2021,tuning,0.5,13,4C2C8907,elo_sim,0.048,,,0.0,11.44675,0.029174,12,0,,0
2021,tuning,0.5,13,F7D46144,elo_sim,0.6655,,,0.0,7.957,0.113713,10,0,,0
2021,tuning,0.5,13,00000001,standings_now,1.0,,,0.0,2.0,0.0,2,1,,0
2021,tuning,0.5,13,00000002,standings_now,1.0,,,1.0,1.0,0.0,1,1,,0
2021,tuning,0.5,13,00000004,standings_now,0.0,,,0.0,11.0,0.0,11,0,,0
2021,tuning,0.5,13,00000005,standings_now,1.0,,,0.0,7.0,0.0,7,1,,0
2021,tuning,0.5,13,0000000A,standings_now,1.0,,,0.0,4.0,0.083333,3,1,,0
2021,tuning,0.5,13,0000000C,standings_now,0.0,,,0.0,9.0,0.0,9,0,,0
2021,tuning,0.5,13,0000000D,standings_now,1.0,,,0.0,5.0,0.25,8,1,,0
2021,tuning,0.5,13,00000010,standings_now,1.0,,,0.0,6.0,0.166667,4,1,,0
2021,tuning,0.5,13,00000011,standings_now,0.0,,,0.0,12.0,0.083333,13,0,,0
2021,tuning,0.5,13,098B68C2,standings_now,0.0,,,0.0,10.0,0.333333,6,1,,0
2021,tuning,0.5,13,2A25C696,standings_now,1.0,,,0.0,3.0,0.166667,5,1,,1
2021,tuning,0.5,13,4C2C8907,standings_now,0.0,,,0.0,13.0,0.083333,12,0,,0
2021,tuning,0.5,13,F7D46144,standings_now,1.0,,,0.0,8.0,0.166667,10,0,,0
2021,tuning,0.75,19,00000001,sim_full,1.0,,,0.28675,1.52525,0.018802,2,1,,0
2021,tuning,0.75,19,00000002,sim_full,1.0,,,0.70925,1.47525,0.018802,1,1,,0
2021,tuning,0.75,19,00000004,sim_full,0.0255,,,0.0,11.135,0.015486,11,0,,0
2021,tuning,0.75,19,00000005,sim_full,0.642,,,0.0,7.76775,0.047154,7,1,,0
2021,tuning,0.75,19,0000000A,sim_full,0.98725,,,0.00075,5.03175,0.106217,3,1,,0
2021,tuning,0.75,19,0000000C,sim_full,0.79125,,,0.00075,6.8095,0.112103,9,0,,0
2021,tuning,0.75,19,0000000D,sim_full,0.93825,,,0.00025,5.5935,0.137285,8,1,,0
2021,tuning,0.75,19,00000010,sim_full,0.92375,,,0.00025,6.04075,0.102694,4,1,,0
2021,tuning,0.75,19,00000011,sim_full,0.00825,,,0.0,11.761,0.055169,13,0,,0
2021,tuning,0.75,19,098B68C2,sim_full,0.4305,,,0.0,8.5945,0.150616,6,1,,0
2021,tuning,0.75,19,2A25C696,sim_full,0.99675,,,0.002,3.459,0.112422,5,1,,1
2021,tuning,0.75,19,4C2C8907,sim_full,0.0005,,,0.0,12.5945,0.037753,12,0,,0
2021,tuning,0.75,19,F7D46144,sim_full,0.256,,,0.0,9.21225,0.028456,10,0,,0
2021,tuning,0.75,19,00000001,sim_net,1.0,,,0.28025,1.52275,0.018981,2,1,,0
2021,tuning,0.75,19,00000002,sim_net,1.0,,,0.7175,1.4775,0.018981,1,1,,0
2021,tuning,0.75,19,00000004,sim_net,0.02075,,,0.0,11.16375,0.015456,11,0,,0
2021,tuning,0.75,19,00000005,sim_net,0.647,,,0.0,7.76525,0.047035,7,1,,0
2021,tuning,0.75,19,0000000A,sim_net,0.98725,,,0.0005,5.04325,0.107086,3,1,,0
2021,tuning,0.75,19,0000000C,sim_net,0.7975,,,0.00075,6.78925,0.113734,9,0,,0
2021,tuning,0.75,19,0000000D,sim_net,0.94075,,,0.0,5.53525,0.141822,8,1,,0
2021,tuning,0.75,19,00000010,sim_net,0.92525,,,0.0,6.03975,0.103097,4,1,,0
2021,tuning,0.75,19,00000011,sim_net,0.00775,,,0.0,11.759,0.055771,13,0,,0
2021,tuning,0.75,19,098B68C2,sim_net,0.42725,,,0.0,8.6045,0.152248,6,1,,0
2021,tuning,0.75,19,2A25C696,sim_net,0.99725,,,0.001,3.468,0.111286,5,1,,1
2021,tuning,0.75,19,4C2C8907,sim_net,0.00025,,,0.0,12.60075,0.038246,12,0,,0
2021,tuning,0.75,19,F7D46144,sim_net,0.249,,,0.0,9.231,0.027053,10,0,,0
2021,tuning,0.75,19,00000001,sim_inflate_1.5,1.0,,,0.29925,1.519,0.0193,2,1,,0
2021,tuning,0.75,19,00000002,sim_inflate_1.5,1.0,,,0.6945,1.4815,0.0193,1,1,,0
2021,tuning,0.75,19,00000004,sim_inflate_1.5,0.024,,,0.0,11.1245,0.015997,11,0,,0
2021,tuning,0.75,19,00000005,sim_inflate_1.5,0.64825,,,0.00025,7.75475,0.047058,7,1,,0
2021,tuning,0.75,19,0000000A,sim_inflate_1.5,0.986,,,0.00075,5.05175,0.106562,3,1,,0
2021,tuning,0.75,19,0000000C,sim_inflate_1.5,0.7835,,,0.00125,6.81375,0.112041,9,0,,0
2021,tuning,0.75,19,0000000D,sim_inflate_1.5,0.93025,,,0.0015,5.59775,0.136832,8,1,,0
2021,tuning,0.75,19,00000010,sim_inflate_1.5,0.9195,,,0.00075,6.0545,0.103369,4,1,,0
2021,tuning,0.75,19,00000011,sim_inflate_1.5,0.01,,,0.0,11.7405,0.05531,13,0,,0
2021,tuning,0.75,19,098B68C2,sim_inflate_1.5,0.43925,,,0.0,8.5745,0.14776,6,1,,0
2021,tuning,0.75,19,2A25C696,sim_inflate_1.5,0.99725,,,0.00175,3.5215,0.106631,5,1,,1
2021,tuning,0.75,19,4C2C8907,sim_inflate_1.5,0.00025,,,0.0,12.577,0.037217,12,0,,0
2021,tuning,0.75,19,F7D46144,sim_inflate_1.5,0.26175,,,0.0,9.189,0.029916,10,0,,0
2021,tuning,0.75,19,00000001,sim_inflate_2,1.0,,,0.314,1.5195,0.01928,2,1,,0
2021,tuning,0.75,19,00000002,sim_inflate_2,1.0,,,0.67425,1.48125,0.01928,1,1,,0
2021,tuning,0.75,19,00000004,sim_inflate_2,0.03525,,,0.00025,11.072,0.016922,11,0,,0
2021,tuning,0.75,19,00000005,sim_inflate_2,0.64,,,0.0015,7.75975,0.048232,7,1,,0
2021,tuning,0.75,19,0000000A,sim_inflate_2,0.98475,,,0.001,5.065,0.105988,3,1,,0
2021,tuning,0.75,19,0000000C,sim_inflate_2,0.77075,,,0.00225,6.842,0.109789,9,0,,0
2021,tuning,0.75,19,0000000D,sim_inflate_2,0.92275,,,0.0015,5.64325,0.133223,8,1,,0
2021,tuning,0.75,19,00000010,sim_inflate_2,0.91275,,,0.00175,6.06125,0.102505,4,1,,0
2021,tuning,0.75,19,00000011,sim_inflate_2,0.01475,,,0.00025,11.71725,0.055168,13,0,,0
2021,tuning,0.75,19,098B68C2,sim_inflate_2,0.44625,,,0.00025,8.54875,0.144466,6,1,,0
2021,tuning,0.75,19,2A25C696,sim_inflate_2,0.99675,,,0.003,3.57375,0.10254,5,1,,1
2021,tuning,0.75,19,4C2C8907,sim_inflate_2,0.00075,,,0.0,12.5575,0.036187,12,0,,0
2021,tuning,0.75,19,F7D46144,sim_inflate_2,0.27525,,,0.0,9.15875,0.031409,10,0,,0
2021,tuning,0.75,19,00000001,point_sim,1.0,,,0.24475,1.512,0.019845,2,1,,0
2021,tuning,0.75,19,00000002,point_sim,1.0,,,0.75475,1.488,0.019845,1,1,,0
2021,tuning,0.75,19,00000004,point_sim,0.01025,,,0.0,11.24025,0.013491,11,0,,0
2021,tuning,0.75,19,00000005,point_sim,0.638,,,0.0,7.82975,0.048159,7,1,,0
2021,tuning,0.75,19,0000000A,point_sim,0.99025,,,0.0,5.04275,0.109784,3,1,,0
2021,tuning,0.75,19,0000000C,point_sim,0.83825,,,0.00025,6.68725,0.122887,9,0,,0
2021,tuning,0.75,19,0000000D,point_sim,0.9615,,,0.00025,5.42925,0.151764,8,1,,0
2021,tuning,0.75,19,00000010,point_sim,0.9355,,,0.0,6.0165,0.102919,4,1,,0
2021,tuning,0.75,19,00000011,point_sim,0.00375,,,0.0,11.78325,0.058255,13,0,,0
2021,tuning,0.75,19,098B68C2,point_sim,0.39875,,,0.0,8.65025,0.163279,6,1,,0
2021,tuning,0.75,19,2A25C696,point_sim,0.99775,,,0.0,3.35325,0.121927,5,1,,1
2021,tuning,0.75,19,4C2C8907,point_sim,0.0,,,0.0,12.66525,0.042118,12,0,,0
2021,tuning,0.75,19,F7D46144,point_sim,0.226,,,0.0,9.30225,0.02267,10,0,,0
2021,tuning,0.75,19,00000001,elo_sim,1.0,,,0.6415,1.2155,0.051287,2,1,,0
2021,tuning,0.75,19,00000002,elo_sim,1.0,,,0.35825,1.7845,0.051287,1,1,,0
2021,tuning,0.75,19,00000004,elo_sim,0.004,,,0.0,11.196,0.009665,11,0,,0
2021,tuning,0.75,19,00000005,elo_sim,0.61275,,,0.0,8.0065,0.055033,7,1,,0
2021,tuning,0.75,19,0000000A,elo_sim,0.98975,,,0.0,5.4025,0.143557,3,1,,0
2021,tuning,0.75,19,0000000C,elo_sim,0.9135,,,0.0,6.3725,0.155055,9,0,,0
2021,tuning,0.75,19,0000000D,elo_sim,0.991,,,0.0,4.635,0.236333,8,1,,0
2021,tuning,0.75,19,00000010,elo_sim,0.92075,,,0.0,6.5535,0.150657,4,1,,0
2021,tuning,0.75,19,00000011,elo_sim,0.00075,,,0.0,11.831,0.059682,13,0,,0
2021,tuning,0.75,19,098B68C2,elo_sim,0.48025,,,0.0,8.3005,0.14463,6,1,,0
2021,tuning,0.75,19,2A25C696,elo_sim,1.0,,,0.00025,3.16525,0.143361,5,1,,1
2021,tuning,0.75,19,4C2C8907,elo_sim,0.0,,,0.0,12.76525,0.049475,12,0,,0
2021,tuning,0.75,19,F7D46144,elo_sim,0.08725,,,0.0,9.772,0.006499,10,0,,0
2021,tuning,0.75,19,00000001,standings_now,1.0,,,1.0,1.0,0.083333,2,1,,0
2021,tuning,0.75,19,00000002,standings_now,1.0,,,0.0,2.0,0.083333,1,1,,0
2021,tuning,0.75,19,00000004,standings_now,0.0,,,0.0,11.0,0.0,11,0,,0
2021,tuning,0.75,19,00000005,standings_now,1.0,,,0.0,7.0,0.0,7,1,,0
2021,tuning,0.75,19,0000000A,standings_now,1.0,,,0.0,4.0,0.083333,3,1,,0
2021,tuning,0.75,19,0000000C,standings_now,1.0,,,0.0,8.0,0.083333,9,0,,0
2021,tuning,0.75,19,0000000D,standings_now,1.0,,,0.0,6.0,0.166667,8,1,,0
2021,tuning,0.75,19,00000010,standings_now,1.0,,,0.0,5.0,0.083333,4,1,,0
2021,tuning,0.75,19,00000011,standings_now,0.0,,,0.0,12.0,0.083333,13,0,,0
2021,tuning,0.75,19,098B68C2,standings_now,0.0,,,0.0,9.0,0.25,6,1,,0
2021,tuning,0.75,19,2A25C696,standings_now,1.0,,,0.0,3.0,0.166667,5,1,,1
2021,tuning,0.75,19,4C2C8907,standings_now,0.0,,,0.0,13.0,0.083333,12,0,,0
2021,tuning,0.75,19,F7D46144,standings_now,0.0,,,0.0,10.0,0.0,10,0,,0
2022,tuning,0.25,5,00000001,sim_full,1.0,,,0.12975,2.0945,0.001947,2,1,,0
2022,tuning,0.25,5,00000002,sim_full,1.0,,,0.86525,1.08125,0.000571,1,1,,1
2022,tuning,0.25,5,00000004,sim_full,0.15575,,,0.0,10.136,0.03791,11,0,,0
2022,tuning,0.25,5,00000005,sim_full,0.888,,,0.0005,5.53825,0.144728,8,1,,0
2022,tuning,0.25,5,0000000A,sim_full,0.76325,,,0.0,6.7525,0.05186,7,1,,0
2022,tuning,0.25,5,0000000C,sim_full,0.91125,,,0.002,5.43275,0.067257,4,1,,0
2022,tuning,0.25,5,0000000D,sim_full,0.85975,,,0.00025,5.98575,0.163227,3,1,,0
2022,tuning,0.25,5,00000010,sim_full,0.90925,,,0.001,5.489,0.056207,6,1,,0
2022,tuning,0.25,5,2A25C696,sim_full,0.86625,,,0.001,5.91425,0.058791,5,1,,0
2022,tuning,0.25,5,4C2C8907,sim_full,0.327,,,0.0,9.14975,0.154648,12,0,,0
2022,tuning,0.25,5,B742845D,sim_full,0.158,,,0.00025,10.32525,0.056058,10,0,,0
2022,tuning,0.25,5,F7D46144,sim_full,0.1615,,,0.0,10.10075,0.072652,9,0,,0
2022,tuning,0.25,5,00000001,sim_net,1.0,,,0.11975,2.07575,0.001434,2,1,,0
2022,tuning,0.25,5,00000002,sim_net,1.0,,,0.87775,1.07225,0.000452,1,1,,1
2022,tuning,0.25,5,00000004,sim_net,0.14525,,,0.0,10.1905,0.035436,11,0,,0
2022,tuning,0.25,5,00000005,sim_net,0.891,,,0.0,5.506,0.147373,8,1,,0
2022,tuning,0.25,5,0000000A,sim_net,0.77425,,,0.0,6.7335,0.050747,7,1,,0
2022,tuning,0.25,5,0000000C,sim_net,0.916,,,0.00125,5.4085,0.066102,4,1,,0
2022,tuning,0.25,5,0000000D,sim_net,0.85875,,,0.0,6.01975,0.166575,3,1,,0
2022,tuning,0.25,5,00000010,sim_net,0.9095,,,0.00025,5.50875,0.054595,6,1,,0
2022,tuning,0.25,5,2A25C696,sim_net,0.871,,,0.00075,5.88875,0.057884,5,1,,0
2022,tuning,0.25,5,4C2C8907,sim_net,0.32275,,,0.0,9.13725,0.156626,12,0,,0
2022,tuning,0.25,5,B742845D,sim_net,0.15425,,,0.00025,10.356,0.056451,10,0,,0
2022,tuning,0.25,5,F7D46144,sim_net,0.15725,,,0.0,10.103,0.072522,9,0,,0
2022,tuning,0.25,5,00000001,sim_inflate_1.5,1.0,,,0.13875,2.12525,0.002516,2,1,,0
2022,tuning,0.25,5,00000002,sim_inflate_1.5,1.0,,,0.85475,1.0865,0.000646,1,1,,1
2022,tuning,0.25,5,00000004,sim_inflate_1.5,0.1755,,,0.0,10.067,0.038916,11,0,,0
2022,tuning,0.25,5,00000005,sim_inflate_1.5,0.867,,,0.00025,5.638,0.138621,8,1,,0
2022,tuning,0.25,5,0000000A,sim_inflate_1.5,0.75225,,,0.0,6.7645,0.054393,7,1,,0
2022,tuning,0.25,5,0000000C,sim_inflate_1.5,0.894,,,0.0025,5.4935,0.070207,4,1,,0
2022,tuning,0.25,5,0000000D,sim_inflate_1.5,0.8355,,,0.00075,6.09225,0.168867,3,1,,0
2022,tuning,0.25,5,00000010,sim_inflate_1.5,0.89,,,0.00125,5.57625,0.055988,6,1,,0
2022,tuning,0.25,5,2A25C696,sim_inflate_1.5,0.843,,,0.00125,5.99225,0.061368,5,1,,0
2022,tuning,0.25,5,4C2C8907,sim_inflate_1.5,0.34925,,,0.0,9.072,0.157761,12,0,,0
2022,tuning,0.25,5,B742845D,sim_inflate_1.5,0.204,,,0.0005,10.09325,0.058377,10,0,,0
2022,tuning,0.25,5,F7D46144,sim_inflate_1.5,0.1895,,,0.0,9.99925,0.071503,9,0,,0
2022,tuning,0.25,5,00000001,sim_inflate_2,0.9995,,,0.152,2.183,0.004118,2,1,,0
2022,tuning,0.25,5,00000002,sim_inflate_2,1.0,,,0.83325,1.11025,0.000976,1,1,,1
2022,tuning,0.25,5,00000004,sim_inflate_2,0.20275,,,0.001,9.94,0.043128,11,0,,0
2022,tuning,0.25,5,00000005,sim_inflate_2,0.85175,,,0.00175,5.7155,0.133593,8,1,,0
2022,tuning,0.25,5,0000000A,sim_inflate_2,0.7355,,,0.00075,6.8095,0.055744,7,1,,0
2022,tuning,0.25,5,0000000C,sim_inflate_2,0.87825,,,0.003,5.57825,0.074244,4,1,,0
2022,tuning,0.25,5,0000000D,sim_inflate_2,0.8205,,,0.00125,6.14,0.170322,3,1,,0
2022,tuning,0.25,5,00000010,sim_inflate_2,0.87825,,,0.0035,5.6465,0.055858,6,1,,0
2022,tuning,0.25,5,2A25C696,sim_inflate_2,0.824,,,0.00125,6.07675,0.066021,5,1,,0
2022,tuning,0.25,5,4C2C8907,sim_inflate_2,0.35875,,,0.0,9.01125,0.158638,12,0,,0
2022,tuning,0.25,5,B742845D,sim_inflate_2,0.23775,,,0.00175,9.899,0.061337,10,0,,0
2022,tuning,0.25,5,F7D46144,sim_inflate_2,0.213,,,0.0005,9.89,0.069749,9,0,,0
2022,tuning,0.25,5,00000001,point_sim,1.0,,,0.08025,2.007,0.000333,2,1,,0
2022,tuning,0.25,5,00000002,point_sim,1.0,,,0.9195,1.0445,0.000178,1,1,,1
2022,tuning,0.25,5,00000004,point_sim,0.07575,,,0.0,10.4205,0.031429,11,0,,0
2022,tuning,0.25,5,00000005,point_sim,0.9485,,,0.0,5.27125,0.165011,8,1,,0
2022,tuning,0.25,5,0000000A,point_sim,0.845,,,0.0,6.64075,0.042669,7,1,,0
2022,tuning,0.25,5,0000000C,point_sim,0.96025,,,0.00025,5.141,0.055942,4,1,,0
2022,tuning,0.25,5,0000000D,point_sim,0.91775,,,0.0,5.873,0.163408,3,1,,0
2022,tuning,0.25,5,00000010,point_sim,0.95975,,,0.0,5.26825,0.055485,6,1,,0
2022,tuning,0.25,5,2A25C696,point_sim,0.92325,,,0.0,5.6975,0.050666,5,1,,0
2022,tuning,0.25,5,4C2C8907,point_sim,0.25825,,,0.0,9.269,0.166494,12,0,,0
2022,tuning,0.25,5,B742845D,point_sim,0.02675,,,0.0,11.014,0.065559,10,0,,0
2022,tuning,0.25,5,F7D46144,point_sim,0.08475,,,0.0,10.35325,0.079555,9,0,,0
2022,tuning,0.25,5,00000001,elo_sim,1.0,,,0.02775,2.09325,0.000802,2,1,,0
2022,tuning,0.25,5,00000002,elo_sim,1.0,,,0.9715,1.01625,2.3e-05,1,1,,1
2022,tuning,0.25,5,00000004,elo_sim,0.04925,,,0.0,10.31375,0.032806,11,0,,0
2022,tuning,0.25,5,00000005,elo_sim,0.98975,,,0.0,4.59625,0.2383,8,1,,0
2022,tuning,0.25,5,0000000A,elo_sim,0.8915,,,0.0,6.62525,0.036004,7,1,,0
2022,tuning,0.25,5,0000000C,elo_sim,0.9565,,,0.0,5.58175,0.078845,4,1,,0
2022,tuning,0.25,5,0000000D,elo_sim,0.911,,,0.0,6.61025,0.245864,3,1,,0
2022,tuning,0.25,5,00000010,elo_sim,0.93975,,,0.0,6.233,0.036394,6,1,,0
2022,tuning,0.25,5,2A25C696,elo_sim,0.99875,,,0.00075,3.82325,0.079659,5,1,,0
2022,tuning,0.25,5,4C2C8907,elo_sim,0.0445,,,0.0,10.415,0.089141,12,0,,0
2022,tuning,0.25,5,B742845D,elo_sim,0.2165,,,0.0,9.16125,0.044428,10,0,,0
2022,tuning,0.25,5,F7D46144,elo_sim,0.0025,,,0.0,11.53075,0.198743,9,0,,0
2022,tuning,0.25,5,00000001,standings_now,1.0,,,0.0,3.0,0.090909,2,1,,0
2022,tuning,0.25,5,00000002,standings_now,1.0,,,1.0,1.0,0.0,1,1,,1
2022,tuning,0.25,5,00000004,standings_now,0.0,,,0.0,10.0,0.090909,11,0,,0
2022,tuning,0.25,5,00000005,standings_now,1.0,,,0.0,7.0,0.090909,8,1,,0
2022,tuning,0.25,5,0000000A,standings_now,1.0,,,0.0,8.0,0.090909,7,1,,0
2022,tuning,0.25,5,0000000C,standings_now,1.0,,,0.0,5.0,0.090909,4,1,,0
2022,tuning,0.25,5,0000000D,standings_now,1.0,,,0.0,6.0,0.272727,3,1,,0
2022,tuning,0.25,5,00000010,standings_now,1.0,,,0.0,2.0,0.363636,6,1,,0
2022,tuning,0.25,5,2A25C696,standings_now,1.0,,,0.0,4.0,0.090909,5,1,,0
2022,tuning,0.25,5,4C2C8907,standings_now,0.0,,,0.0,11.0,0.090909,12,0,,0
2022,tuning,0.25,5,B742845D,standings_now,0.0,,,0.0,9.0,0.090909,10,0,,0
2022,tuning,0.25,5,F7D46144,standings_now,0.0,,,0.0,12.0,0.272727,9,0,,0
2022,tuning,0.5,11,00000001,sim_full,1.0,,,0.135,1.978,0.000182,2,1,,0
2022,tuning,0.5,11,00000002,sim_full,1.0,,,0.86175,1.04125,0.000155,1,1,,1
2022,tuning,0.5,11,00000004,sim_full,0.09575,,,0.0,9.7795,0.067035,11,0,,0
2022,tuning,0.5,11,00000005,sim_full,0.9835,,,0.0005,5.626,0.140606,8,1,,0
2022,tuning,0.5,11,0000000A,sim_full,0.94975,,,0.00025,6.08425,0.051094,7,1,,0
2022,tuning,0.5,11,0000000C,sim_full,0.99875,,,0.002,3.86175,0.030495,4,1,,0
2022,tuning,0.5,11,0000000D,sim_full,0.99475,,,0.0005,4.5895,0.07336,3,1,,0
2022,tuning,0.5,11,00000010,sim_full,0.9555,,,0.0,6.3085,0.038551,6,1,,0
2022,tuning,0.5,11,2A25C696,sim_full,0.919,,,0.0,6.81875,0.109273,5,1,,0
2022,tuning,0.5,11,4C2C8907,sim_full,0.0635,,,0.0,10.1035,0.114369,12,0,,0
2022,tuning,0.5,11,B742845D,sim_full,0.00675,,,0.0,11.378,0.097243,10,0,,0
2022,tuning,0.5,11,F7D46144,sim_full,0.03275,,,0.0,10.431,0.081072,9,0,,0
2022,tuning,0.5,11,00000001,sim_net,1.0,,,0.1205,1.977,0.000147,2,1,,0
2022,tuning,0.5,11,00000002,sim_net,1.0,,,0.878,1.03775,0.00013,1,1,,1
2022,tuning,0.5,11,00000004,sim_net,0.09125,,,0.0,9.777,0.067429,11,0,,0
2022,tuning,0.5,11,00000005,sim_net,0.9845,,,0.00025,5.61575,0.141672,8,1,,0
2022,tuning,0.5,11,0000000A,sim_net,0.9535,,,0.00025,6.1025,0.04995,7,1,,0
2022,tuning,0.5,11,0000000C,sim_net,0.99875,,,0.001,3.839,0.030589,4,1,,0
2022,tuning,0.5,11,0000000D,sim_net,0.9955,,,0.0,4.59125,0.073862,3,1,,0
2022,tuning,0.5,11,00000010,sim_net,0.9555,,,0.0,6.324,0.038914,6,1,,0
2022,tuning,0.5,11,2A25C696,sim_net,0.92275,,,0.0,6.80525,0.108584,5,1,,0
2022,tuning,0.5,11,4C2C8907,sim_net,0.06025,,,0.0,10.113,0.113731,12,0,,0
2022,tuning,0.5,11,B742845D,sim_net,0.0075,,,0.0,11.37225,0.096743,10,0,,0
2022,tuning,0.5,11,F7D46144,sim_net,0.0305,,,0.0,10.44525,0.082188,9,0,,0
2022,tuning,0.5,11,00000001,sim_inflate_1.5,1.0,,,0.14025,1.985,0.000215,2,1,,0
2022,tuning,0.5,11,00000002,sim_inflate_1.5,1.0,,,0.85575,1.042,0.00016,1,1,,1
2022,tuning,0.5,11,00000004,sim_inflate_1.5,0.1105,,,0.0,9.78675,0.063849,11,0,,0
2022,tuning,0.5,11,00000005,sim_inflate_1.5,0.97825,,,0.00025,5.63625,0.138458,8,1,,0
2022,tuning,0.5,11,0000000A,sim_inflate_1.5,0.9395,,,0.00075,6.10775,0.051392,7,1,,0
2022,tuning,0.5,11,0000000C,sim_inflate_1.5,0.99725,,,0.0025,3.913,0.03034,4,1,,0
2022,tuning,0.5,11,0000000D,sim_inflate_1.5,0.992,,,0.0005,4.6235,0.075023,3,1,,0
2022,tuning,0.5,11,00000010,sim_inflate_1.5,0.944,,,0.0,6.301,0.038421,6,1,,0
2022,tuning,0.5,11,2A25C696,sim_inflate_1.5,0.91075,,,0.0,6.7905,0.106176,5,1,,0
2022,tuning,0.5,11,4C2C8907,sim_inflate_1.5,0.07525,,,0.0,10.0925,0.112543,12,0,,0
2022,tuning,0.5,11,B742845D,sim_inflate_1.5,0.01,,,0.0,11.3065,0.09078,10,0,,0
2022,tuning,0.5,11,F7D46144,sim_inflate_1.5,0.0425,,,0.0,10.41525,0.079882,9,0,,0
2022,tuning,0.5,11,00000001,sim_inflate_2,1.0,,,0.15525,1.9915,0.000333,2,1,,0
2022,tuning,0.5,11,00000002,sim_inflate_2,1.0,,,0.837,1.04975,0.000225,1,1,,1
2022,tuning,0.5,11,00000004,sim_inflate_2,0.129,,,0.0,9.768,0.063321,11,0,,0
2022,tuning,0.5,11,00000005,sim_inflate_2,0.9705,,,0.00025,5.655,0.136221,8,1,,0
2022,tuning,0.5,11,0000000A,sim_inflate_2,0.92825,,,0.0005,6.1205,0.051091,7,1,,0
2022,tuning,0.5,11,0000000C,sim_inflate_2,0.99625,,,0.00575,3.96475,0.030214,4,1,,0
2022,tuning,0.5,11,0000000D,sim_inflate_2,0.98975,,,0.00125,4.6585,0.076611,3,1,,0
2022,tuning,0.5,11,00000010,sim_inflate_2,0.93625,,,0.0,6.29375,0.038856,6,1,,0
2022,tuning,0.5,11,2A25C696,sim_inflate_2,0.89125,,,0.0,6.7725,0.102614,5,1,,0
2022,tuning,0.5,11,4C2C8907,sim_inflate_2,0.08975,,,0.0,10.073,0.111405,12,0,,0
2022,tuning,0.5,11,B742845D,sim_inflate_2,0.01725,,,0.0,11.25925,0.087266,10,0,,0
2022,tuning,0.5,11,F7D46144,sim_inflate_2,0.05175,,,0.0,10.3935,0.07896,9,0,,0
2022,tuning,0.5,11,00000001,point_sim,1.0,,,0.10025,1.97725,9.5e-05,2,1,,0
2022,tuning,0.5,11,00000002,point_sim,1.0,,,0.8995,1.03125,8.9e-05,1,1,,1
2022,tuning,0.5,11,00000004,point_sim,0.0455,,,0.0,9.806,0.070376,11,0,,0
2022,tuning,0.5,11,00000005,point_sim,0.9945,,,0.0,5.5825,0.147309,8,1,,0
2022,tuning,0.5,11,0000000A,point_sim,0.97575,,,0.0,6.10375,0.047818,7,1,,0
2022,tuning,0.5,11,0000000C,point_sim,1.0,,,0.0,3.70825,0.032618,4,1,,0
2022,tuning,0.5,11,0000000D,point_sim,0.9995,,,0.00025,4.49625,0.069137,3,1,,0
2022,tuning,0.5,11,00000010,point_sim,0.9805,,,0.0,6.35975,0.038464,6,1,,0
2022,tuning,0.5,11,2A25C696,point_sim,0.956,,,0.0,6.8685,0.116506,5,1,,0
2022,tuning,0.5,11,4C2C8907,point_sim,0.03375,,,0.0,10.114,0.119139,12,0,,0
2022,tuning,0.5,11,B742845D,point_sim,0.00025,,,0.0,11.5325,0.113123,10,0,,0
2022,tuning,0.5,11,F7D46144,point_sim,0.01425,,,0.0,10.42,0.079341,9,0,,0
2022,tuning,0.5,11,00000001,elo_sim,1.0,,,0.06,1.989,3e-05,2,1,,0
2022,tuning,0.5,11,00000002,elo_sim,1.0,,,0.9395,1.01725,2.7e-05,1,1,,1
2022,tuning,0.5,11,00000004,elo_sim,0.04875,,,0.0,9.37925,0.116535,11,0,,0
2022,tuning,0.5,11,00000005,elo_sim,0.9955,,,0.0,5.80375,0.128134,8,1,,0
2022,tuning,0.5,11,0000000A,elo_sim,0.9915,,,0.0,5.7605,0.065358,7,1,,0
2022,tuning,0.5,11,0000000C,elo_sim,1.0,,,0.0005,3.40825,0.049954,4,1,,0
2022,tuning,0.5,11,0000000D,elo_sim,0.99825,,,0.0,5.0285,0.110842,3,1,,0
2022,tuning,0.5,11,00000010,elo_sim,0.967,,,0.0,7.07625,0.074191,6,1,,0
2022,tuning,0.5,11,2A25C696,elo_sim,0.993,,,0.0,5.98475,0.055057,5,1,,0
2022,tuning,0.5,11,4C2C8907,elo_sim,0.00525,,,0.0,10.42925,0.093485,12,0,,0
2022,tuning,0.5,11,B742845D,elo_sim,0.0,,,0.0,11.01975,0.060426,10,0,,0
2022,tuning,0.5,11,F7D46144,elo_sim,0.00075,,,0.0,11.1035,0.145539,9,0,,0
2022,tuning,0.5,11,00000001,standings_now,1.0,,,0.0,2.0,0.0,2,1,,0
2022,tuning,0.5,11,00000002,standings_now,1.0,,,1.0,1.0,0.0,1,1,,1
2022,tuning,0.5,11,00000004,standings_now,0.0,,,0.0,9.0,0.181818,11,0,,0
2022,tuning,0.5,11,00000005,standings_now,1.0,,,0.0,5.0,0.272727,8,1,,0
2022,tuning,0.5,11,0000000A,standings_now,1.0,,,0.0,7.0,0.0,7,1,,0
2022,tuning,0.5,11,0000000C,standings_now,1.0,,,0.0,4.0,0.0,4,1,,0
2022,tuning,0.5,11,0000000D,standings_now,1.0,,,0.0,3.0,0.0,3,1,,0
2022,tuning,0.5,11,00000010,standings_now,1.0,,,0.0,6.0,0.0,6,1,,0
2022,tuning,0.5,11,2A25C696,standings_now,1.0,,,0.0,8.0,0.272727,5,1,,0
2022,tuning,0.5,11,4C2C8907,standings_now,0.0,,,0.0,10.0,0.181818,12,0,,0
2022,tuning,0.5,11,B742845D,standings_now,0.0,,,0.0,12.0,0.181818,10,0,,0
2022,tuning,0.5,11,F7D46144,standings_now,0.0,,,0.0,11.0,0.181818,9,0,,0
2022,tuning,0.75,16,00000001,sim_full,1.0,,,0.1465,1.965,0.000118,2,1,,0
2022,tuning,0.75,16,00000002,sim_full,1.0,,,0.84825,1.036,0.000118,1,1,,1
2022,tuning,0.75,16,00000004,sim_full,0.00125,,,0.0,10.945,0.024583,11,0,,0
2022,tuning,0.75,16,00000005,sim_full,0.99975,,,0.00075,4.4875,0.246713,8,1,,0
2022,tuning,0.75,16,0000000A,sim_full,0.99325,,,0.0005,6.35,0.039999,7,1,,0
2022,tuning,0.75,16,0000000C,sim_full,1.0,,,0.003,4.98,0.047064,4,1,,0
2022,tuning,0.75,16,0000000D,sim_full,0.9995,,,0.001,4.7335,0.077077,3,1,,0
2022,tuning,0.75,16,00000010,sim_full,0.998,,,0.0,6.60025,0.048887,6,1,,0
2022,tuning,0.75,16,2A25C696,sim_full,0.99975,,,0.0,5.858,0.05586,5,1,,0
2022,tuning,0.75,16,4C2C8907,sim_full,0.00225,,,0.0,10.1965,0.110349,12,0,,0
2022,tuning,0.75,16,B742845D,sim_full,0.0,,,0.0,10.83825,0.046353,10,0,,0
2022,tuning,0.75,16,F7D46144,sim_full,0.00625,,,0.0,10.01,0.038867,9,0,,0
2022,tuning,0.75,16,00000001,sim_net,1.0,,,0.1355,1.97175,7.7e-05,2,1,,0
2022,tuning,0.75,16,00000002,sim_net,1.0,,,0.8615,1.029,7.6e-05,1,1,,1
2022,tuning,0.75,16,00000004,sim_net,0.00075,,,0.0,10.952,0.024476,11,0,,0
2022,tuning,0.75,16,00000005,sim_net,0.99975,,,0.00025,4.462,0.249721,8,1,,0
2022,tuning,0.75,16,0000000A,sim_net,0.99475,,,0.0005,6.3825,0.038711,7,1,,0
2022,tuning,0.75,16,0000000C,sim_net,1.0,,,0.00225,4.96225,0.046191,4,1,,0
2022,tuning,0.75,16,0000000D,sim_net,0.99975,,,0.0,4.7155,0.075693,3,1,,0
2022,tuning,0.75,16,00000010,sim_net,0.998,,,0.0,6.6315,0.049697,6,1,,0
2022,tuning,0.75,16,2A25C696,sim_net,0.99975,,,0.0,5.85375,0.055404,5,1,,0
2022,tuning,0.75,16,4C2C8907,sim_net,0.002,,,0.0,10.21525,0.108621,12,0,,0
2022,tuning,0.75,16,B742845D,sim_net,0.0,,,0.0,10.8195,0.045282,10,0,,0
2022,tuning,0.75,16,F7D46144,sim_net,0.00525,,,0.0,10.005,0.038297,9,0,,0
2022,tuning,0.75,16,00000001,sim_inflate_1.5,1.0,,,0.15375,1.96425,0.000121,2,1,,0
2022,tuning,0.75,16,00000002,sim_inflate_1.5,1.0,,,0.8395,1.0365,0.000121,1,1,,1
2022,tuning,0.75,16,00000004,sim_inflate_1.5,0.00125,,,0.0,10.926,0.024102,11,0,,0
2022,tuning,0.75,16,00000005,sim_inflate_1.5,0.99975,,,0.00075,4.50075,0.244521,8,1,,0
2022,tuning,0.75,16,0000000A,sim_inflate_1.5,0.993,,,0.0005,6.34025,0.040842,7,1,,0
2022,tuning,0.75,16,0000000C,sim_inflate_1.5,1.0,,,0.0045,5.00525,0.047709,4,1,,0
2022,tuning,0.75,16,0000000D,sim_inflate_1.5,0.999,,,0.00075,4.74775,0.077924,3,1,,0
2022,tuning,0.75,16,00000010,sim_inflate_1.5,0.99725,,,0.00025,6.589,0.048273,6,1,,0
2022,tuning,0.75,16,2A25C696,sim_inflate_1.5,0.9995,,,0.0,5.8285,0.054713,5,1,,0
2022,tuning,0.75,16,4C2C8907,sim_inflate_1.5,0.00325,,,0.0,10.23,0.106621,12,0,,0
2022,tuning,0.75,16,B742845D,sim_inflate_1.5,0.0,,,0.0,10.803,0.044121,10,0,,0
2022,tuning,0.75,16,F7D46144,sim_inflate_1.5,0.007,,,0.0,10.02875,0.040281,9,0,,0
2022,tuning,0.75,16,00000001,sim_inflate_2,1.0,,,0.164,1.96325,0.000133,2,1,,0
2022,tuning,0.75,16,00000002,sim_inflate_2,1.0,,,0.82325,1.03825,0.000133,1,1,,1
2022,tuning,0.75,16,00000004,sim_inflate_2,0.00125,,,0.0,10.913,0.024514,11,0,,0
2022,tuning,0.75,16,00000005,sim_inflate_2,0.99975,,,0.002,4.53475,0.240743,8,1,,0
2022,tuning,0.75,16,0000000A,sim_inflate_2,0.98975,,,0.001,6.2955,0.042737,7,1,,0
2022,tuning,0.75,16,0000000C,sim_inflate_2,1.0,,,0.0055,5.03125,0.049261,4,1,,0
2022,tuning,0.75,16,0000000D,sim_inflate_2,0.999,,,0.00375,4.77975,0.080066,3,1,,0
2022,tuning,0.75,16,00000010,sim_inflate_2,0.99625,,,0.0005,6.55825,0.047434,6,1,,0
2022,tuning,0.75,16,2A25C696,sim_inflate_2,0.9995,,,0.0,5.81625,0.05505,5,1,,0
2022,tuning,0.75,16,4C2C8907,sim_inflate_2,0.0045,,,0.0,10.23475,0.105752,12,0,,0
2022,tuning,0.75,16,B742845D,sim_inflate_2,0.0,,,0.0,10.7945,0.043804,10,0,,0
2022,tuning,0.75,16,F7D46144,sim_inflate_2,0.01,,,0.0,10.0405,0.041244,9,0,,0
2022,tuning,0.75,16,00000001,point_sim,1.0,,,0.10675,1.9745,6e-05,2,1,,0
2022,tuning,0.75,16,00000002,point_sim,1.0,,,0.892,1.02575,6e-05,1,1,,1
2022,tuning,0.75,16,00000004,point_sim,0.0005,,,0.0,11.009,0.025691,11,0,,0
2022,tuning,0.75,16,00000005,point_sim,1.0,,,0.0005,4.399,0.257318,8,1,,0
2022,tuning,0.75,16,0000000A,point_sim,0.99775,,,0.0,6.4625,0.035614,7,1,,0
2022,tuning,0.75,16,0000000C,point_sim,1.0,,,0.0005,4.97925,0.048034,4,1,,0
2022,tuning,0.75,16,0000000D,point_sim,1.0,,,0.0,4.64275,0.071548,3,1,,0
2022,tuning,0.75,16,00000010,point_sim,0.99975,,,0.0,6.662,0.051221,6,1,,0
2022,tuning,0.75,16,2A25C696,point_sim,1.0,,,0.00025,5.85675,0.055338,5,1,,0
2022,tuning,0.75,16,4C2C8907,point_sim,0.00025,,,0.0,10.18475,0.112732,12,0,,0
2022,tuning,0.75,16,B742845D,point_sim,0.0,,,0.0,10.85875,0.048016,10,0,,0
2022,tuning,0.75,16,F7D46144,point_sim,0.00175,,,0.0,9.945,0.03469,9,0,,0
2022,tuning,0.75,16,00000001,elo_sim,1.0,,,0.05375,1.986,1.8e-05,2,1,,0
2022,tuning,0.75,16,00000002,elo_sim,1.0,,,0.94625,1.014,1.8e-05,1,1,,1
2022,tuning,0.75,16,00000004,elo_sim,0.0,,,0.0,11.0955,0.025748,11,0,,0
2022,tuning,0.75,16,00000005,elo_sim,1.0,,,0.0,4.26325,0.272537,8,1,,0
2022,tuning,0.75,16,0000000A,elo_sim,0.99925,,,0.0,6.4685,0.030382,7,1,,0
2022,tuning,0.75,16,0000000C,elo_sim,1.0,,,0.0,5.32725,0.073311,4,1,,0
2022,tuning,0.75,16,0000000D,elo_sim,1.0,,,0.0,4.8855,0.093547,3,1,,0
2022,tuning,0.75,16,00000010,elo_sim,0.99975,,,0.0,7.3,0.092604,6,1,,0
2022,tuning,0.75,16,2A25C696,elo_sim,1.0,,,0.0,4.7565,0.034466,5,1,,0
2022,tuning,0.75,16,4C2C8907,elo_sim,0.00025,,,0.0,10.16475,0.112449,12,0,,0
2022,tuning,0.75,16,B742845D,elo_sim,0.0,,,0.0,10.59625,0.031699,10,0,,0
2022,tuning,0.75,16,F7D46144,elo_sim,0.00075,,,0.0,10.1425,0.047311,9,0,,0
2022,tuning,0.75,16,00000001,standings_now,1.0,,,0.0,2.0,0.0,2,1,,0
2022,tuning,0.75,16,00000002,standings_now,1.0,,,1.0,1.0,0.0,1,1,,1
2022,tuning,0.75,16,00000004,standings_now,0.0,,,0.0,12.0,0.090909,11,0,,0
2022,tuning,0.75,16,00000005,standings_now,1.0,,,0.0,5.0,0.272727,8,1,,0
2022,tuning,0.75,16,0000000A,standings_now,1.0,,,0.0,8.0,0.090909,7,1,,0
2022,tuning,0.75,16,0000000C,standings_now,1.0,,,0.0,4.0,0.0,4,1,,0
2022,tuning,0.75,16,0000000D,standings_now,1.0,,,0.0,3.0,0.0,3,1,,0
2022,tuning,0.75,16,00000010,standings_now,1.0,,,0.0,6.0,0.0,6,1,,0
2022,tuning,0.75,16,2A25C696,standings_now,1.0,,,0.0,7.0,0.181818,5,1,,0
2022,tuning,0.75,16,4C2C8907,standings_now,0.0,,,0.0,9.0,0.272727,12,0,,0
2022,tuning,0.75,16,B742845D,standings_now,0.0,,,0.0,11.0,0.090909,10,0,,0
2022,tuning,0.75,16,F7D46144,standings_now,0.0,,,0.0,10.0,0.090909,9,0,,0
2025,test,0.25,6,00000001,sim_full,1.0,,,0.52,1.59925,0.015053,2,1,,0
2025,test,0.25,6,00000002,sim_full,1.0,,,0.464,1.456,0.015392,1,1,,1
2025,test,0.25,6,00000003,sim_full,0.058,,,0.0,11.81,0.033947,13,0,,0
2025,test,0.25,6,00000005,sim_full,0.323,,,0.0,9.375,0.265077,5,1,,0
2025,test,0.25,6,0000000A,sim_full,0.5155,,,0.00075,8.367,0.053583,8,1,,0
2025,test,0.25,6,0000000C,sim_full,0.96375,,,0.0025,4.389,0.045011,3,1,,0
2025,test,0.25,6,0000000D,sim_full,0.82675,,,0.00125,6.1155,0.047103,6,1,,0
2025,test,0.25,6,0000000F,sim_full,0.44725,,,0.001,8.64925,0.168116,12,0,,0
2025,test,0.25,6,00000010,sim_full,0.95775,,,0.00875,4.72275,0.032109,4,1,,0
2025,test,0.25,6,00000011,sim_full,0.30075,,,0.0005,9.78475,0.078526,9,0,,0
2025,test,0.25,6,2A25C696,sim_full,0.768,,,0.001,6.741,0.180107,10,0,,0
2025,test,0.25,6,B742845D,sim_full,0.49025,,,0.0,8.51575,0.117959,11,0,,0
2025,test,0.25,6,BB4B460F,sim_full,0.349,,,0.00025,9.47475,0.138543,7,1,,0
2025,test,0.25,6,00000001,sim_net,1.0,,,0.524,1.58525,0.01587,2,1,,0
2025,test,0.25,6,00000002,sim_net,1.0,,,0.46475,1.461,0.016105,1,1,,1
2025,test,0.25,6,00000003,sim_net,0.05475,,,0.0,11.8195,0.033969,13,0,,0
2025,test,0.25,6,00000005,sim_net,0.31925,,,0.0,9.378,0.266639,5,1,,0
2025,test,0.25,6,0000000A,sim_net,0.516,,,0.00025,8.3495,0.052615,8,1,,0
2025,test,0.25,6,0000000C,sim_net,0.96525,,,0.00125,4.36425,0.043938,3,1,,0
2025,test,0.25,6,0000000D,sim_net,0.8295,,,0.0015,6.106,0.047887,6,1,,0
2025,test,0.25,6,0000000F,sim_net,0.44925,,,0.00075,8.65825,0.167411,12,0,,0
2025,test,0.25,6,00000010,sim_net,0.961,,,0.006,4.68525,0.031293,4,1,,0
2025,test,0.25,6,00000011,sim_net,0.30625,,,0.0005,9.792,0.081003,9,0,,0
2025,test,0.25,6,2A25C696,sim_net,0.76975,,,0.00025,6.74175,0.180492,10,0,,0
2025,test,0.25,6,B742845D,sim_net,0.4845,,,0.00025,8.562,0.115636,11,0,,0
2025,test,0.25,6,BB4B460F,sim_net,0.3445,,,0.0005,9.49725,0.139739,7,1,,0
2025,test,0.25,6,00000001,sim_inflate_1.5,1.0,,,0.51575,1.60375,0.015653,2,1,,0
2025,test,0.25,6,00000002,sim_inflate_1.5,1.0,,,0.463,1.48,0.01616,1,1,,1
2025,test,0.25,6,00000003,sim_inflate_1.5,0.0755,,,0.0,11.63725,0.041367,13,0,,0
2025,test,0.25,6,00000005,sim_inflate_1.5,0.33275,,,0.0,9.28575,0.257349,5,1,,0
2025,test,0.25,6,0000000A,sim_inflate_1.5,0.51975,,,0.001,8.345,0.05444,8,1,,0
2025,test,0.25,6,0000000C,sim_inflate_1.5,0.9465,,,0.003,4.56575,0.05298,3,1,,0
2025,test,0.25,6,0000000D,sim_inflate_1.5,0.806,,,0.002,6.23875,0.050364,6,1,,0
2025,test,0.25,6,0000000F,sim_inflate_1.5,0.45775,,,0.0005,8.59775,0.169217,12,0,,0
2025,test,0.25,6,00000010,sim_inflate_1.5,0.943,,,0.01075,4.85775,0.036746,4,1,,0
2025,test,0.25,6,00000011,sim_inflate_1.5,0.3275,,,0.00175,9.65175,0.082778,9,0,,0
2025,test,0.25,6,2A25C696,sim_inflate_1.5,0.742,,,0.001,6.85425,0.169772,10,0,,0
2025,test,0.25,6,B742845D,sim_inflate_1.5,0.483,,,0.0,8.5365,0.115257,11,0,,0
2025,test,0.25,6,BB4B460F,sim_inflate_1.5,0.36625,,,0.00125,9.34575,0.134038,7,1,,0
2025,test,0.25,6,00000001,sim_inflate_2,1.0,,,0.511,1.63325,0.015987,2,1,,0
2025,test,0.25,6,00000002,sim_inflate_2,1.0,,,0.45075,1.5065,0.016727,1,1,,1
2025,test,0.25,6,00000003,sim_inflate_2,0.086,,,0.0,11.49525,0.047979,13,0,,0
2025,test,0.25,6,00000005,sim_inflate_2,0.351,,,0.00075,9.233,0.251485,5,1,,0
2025,test,0.25,6,0000000A,sim_inflate_2,0.51775,,,0.00125,8.332,0.055573,8,1,,0
2025,test,0.25,6,0000000C,sim_inflate_2,0.939,,,0.0055,4.70175,0.060336,3,1,,0
2025,test,0.25,6,0000000D,sim_inflate_2,0.7835,,,0.0045,6.35475,0.052591,6,1,,0
2025,test,0.25,6,0000000F,sim_inflate_2,0.462,,,0.00075,8.5455,0.169503,12,0,,0
2025,test,0.25,6,00000010,sim_inflate_2,0.9255,,,0.014,5.015,0.04175,4,1,,0
2025,test,0.25,6,00000011,sim_inflate_2,0.34675,,,0.00425,9.519,0.084789,9,0,,0
2025,test,0.25,6,2A25C696,sim_inflate_2,0.72225,,,0.00125,6.954,0.161173,10,0,,0
2025,test,0.25,6,B742845D,sim_inflate_2,0.48625,,,0.001,8.49075,0.11732,11,0,,0
2025,test,0.25,6,BB4B460F,sim_inflate_2,0.38,,,0.005,9.21925,0.130788,7,1,,0
2025,test,0.25,6,00000001,point_sim,1.0,,,0.532,1.57525,0.015338,2,1,,0
2025,test,0.25,6,00000002,point_sim,1.0,,,0.46675,1.4335,0.015374,1,1,,1
2025,test,0.25,6,00000003,point_sim,0.01675,,,0.0,12.34775,0.013039,13,0,,0
2025,test,0.25,6,00000005,point_sim,0.28875,,,0.0,9.55375,0.286623,5,1,,0
2025,test,0.25,6,0000000A,point_sim,0.541,,,0.00025,8.29275,0.045005,8,1,,0
2025,test,0.25,6,0000000C,point_sim,0.992,,,0.0,3.87825,0.025077,3,1,,0
2025,test,0.25,6,0000000D,point_sim,0.90775,,,0.00025,5.7345,0.040226,6,1,,0
2025,test,0.25,6,0000000F,point_sim,0.457,,,0.0,8.77175,0.169142,12,0,,0
2025,test,0.25,6,00000010,point_sim,0.9905,,,0.00075,4.258,0.020241,4,1,,0
2025,test,0.25,6,00000011,point_sim,0.1985,,,0.0,10.3645,0.084429,9,0,,0
2025,test,0.25,6,2A25C696,point_sim,0.86275,,,0.0,6.29275,0.227424,10,0,,0
2025,test,0.25,6,B742845D,point_sim,0.50175,,,0.0,8.51925,0.124201,11,0,,0
2025,test,0.25,6,BB4B460F,point_sim,0.24325,,,0.0,9.978,0.16705,7,1,,0
2025,test,0.25,6,00000001,elo_sim,1.0,,,0.2325,1.69925,0.007575,2,1,,0
2025,test,0.25,6,00000002,elo_sim,1.0,,,0.7675,1.3015,0.007575,1,1,,1
2025,test,0.25,6,00000003,elo_sim,0.0,,,0.0,12.8305,0.002038,13,0,,0
2025,test,0.25,6,00000005,elo_sim,0.234,,,0.0,9.60825,0.308618,5,1,,0
2025,test,0.25,6,0000000A,elo_sim,0.2875,,,0.0,9.38,0.074397,8,1,,0
2025,test,0.25,6,0000000C,elo_sim,0.9985,,,0.0,3.4155,0.006559,3,1,,0
2025,test,0.25,6,0000000D,elo_sim,0.92175,,,0.0,5.60725,0.041895,6,1,,0
2025,test,0.25,6,0000000F,elo_sim,0.56925,,,0.0,8.101,0.232119,12,0,,0
2025,test,0.25,6,00000010,elo_sim,0.9775,,,0.0,4.86125,0.031469,4,1,,0
2025,test,0.25,6,00000011,elo_sim,0.0135,,,0.0,11.78975,0.200323,9,0,,0
2025,test,0.25,6,2A25C696,elo_sim,0.90075,,,0.0,6.0555,0.250894,10,0,,0
2025,test,0.25,6,B742845D,elo_sim,0.5475,,,0.0,8.201,0.145403,11,0,,0
2025,test,0.25,6,BB4B460F,elo_sim,0.54975,,,0.0,8.14925,0.062246,7,1,,0
2025,test,0.25,6,00000001,standings_now,1.0,,,0.0,3.0,0.083333,2,1,,0
2025,test,0.25,6,00000002,standings_now,1.0,,,1.0,1.0,0.0,1,1,,1
2025,test,0.25,6,00000003,standings_now,0.0,,,0.0,13.0,0.0,13,0,,0
2025,test,0.25,6,00000005,standings_now,0.0,,,0.0,10.0,0.416667,5,1,,0
2025,test,0.25,6,0000000A,standings_now,0.0,,,0.0,11.0,0.25,8,1,,0
2025,test,0.25,6,0000000C,standings_now,1.0,,,0.0,2.0,0.083333,3,1,,0
2025,test,0.25,6,0000000D,standings_now,1.0,,,0.0,5.0,0.083333,6,1,,0
2025,test,0.25,6,0000000F,standings_now,1.0,,,0.0,7.0,0.416667,12,0,,0
2025,test,0.25,6,00000010,standings_now,1.0,,,0.0,4.0,0.0,4,1,,0
2025,test,0.25,6,00000011,standings_now,0.0,,,0.0,12.0,0.25,9,0,,0
2025,test,0.25,6,2A25C696,standings_now,1.0,,,0.0,6.0,0.333333,10,0,,0
2025,test,0.25,6,B742845D,standings_now,0.0,,,0.0,9.0,0.166667,11,0,,0
2025,test,0.25,6,BB4B460F,standings_now,1.0,,,0.0,8.0,0.083333,7,1,,0
2025,test,0.5,13,00000001,sim_full,1.0,,,0.466,1.672,0.009356,2,1,,0
2025,test,0.5,13,00000002,sim_full,1.0,,,0.52325,1.33625,0.009366,1,1,,1
2025,test,0.5,13,00000003,sim_full,0.00125,,,0.0,12.68525,0.004388,13,0,,0
2025,test,0.5,13,00000005,sim_full,0.646,,,0.0,7.714,0.139312,5,1,,0
2025,test,0.5,13,0000000A,sim_full,0.1185,,,0.0,10.4435,0.146994,8,1,,0
2025,test,0.5,13,0000000C,sim_full,0.99675,,,0.002,3.75425,0.022432,3,1,,0
2025,test,0.5,13,0000000D,sim_full,0.462,,,0.0,8.56425,0.139685,6,1,,0
2025,test,0.5,13,0000000F,sim_full,0.02625,,,0.0,11.5075,0.015576,12,0,,0
2025,test,0.5,13,00000010,sim_full,0.99775,,,0.00475,3.9045,0.016333,4,1,,0
2025,test,0.5,13,00000011,sim_full,0.8315,,,0.00175,6.5055,0.137047,9,0,,0
2025,test,0.5,13,2A25C696,sim_full,0.87375,,,0.00125,6.4565,0.219641,10,0,,0
2025,test,0.5,13,B742845D,sim_full,0.298,,,0.00025,9.3375,0.075084,11,0,,0
2025,test,0.5,13,BB4B460F,sim_full,0.74825,,,0.00075,7.119,0.04041,7,1,,0
2025,test,0.5,13,00000001,sim_net,1.0,,,0.47025,1.66375,0.009692,2,1,,0
2025,test,0.5,13,00000002,sim_net,1.0,,,0.523,1.34125,0.00969,1,1,,1
2025,test,0.5,13,00000003,sim_net,0.0015,,,0.0,12.70375,0.003894,13,0,,0
2025,test,0.5,13,00000005,sim_net,0.64425,,,0.00025,7.711,0.138496,5,1,,0
2025,test,0.5,13,0000000A,sim_net,0.11475,,,0.0,10.453,0.14834,8,1,,0
2025,test,0.5,13,0000000C,sim_net,0.996,,,0.00175,3.75125,0.022289,3,1,,0
2025,test,0.5,13,0000000D,sim_net,0.4605,,,0.0,8.564,0.140509,6,1,,0
2025,test,0.5,13,0000000F,sim_net,0.02725,,,0.0,11.49475,0.015579,12,0,,0
2025,test,0.5,13,00000010,sim_net,0.99775,,,0.0025,3.888,0.016566,4,1,,0
2025,test,0.5,13,00000011,sim_net,0.83525,,,0.00175,6.519,0.136711,9,0,,0
2025,test,0.5,13,2A25C696,sim_net,0.876,,,0.00025,6.45025,0.221036,10,0,,0
2025,test,0.5,13,B742845D,sim_net,0.29875,,,0.0,9.3465,0.074666,11,0,,0
2025,test,0.5,13,BB4B460F,sim_net,0.748,,,0.00025,7.1135,0.04021,7,1,,0
2025,test,0.5,13,00000001,sim_inflate_1.5,1.0,,,0.46725,1.6545,0.010329,2,1,,0
2025,test,0.5,13,00000002,sim_inflate_1.5,1.0,,,0.51675,1.35275,0.010325,1,1,,1
2025,test,0.5,13,00000003,sim_inflate_1.5,0.0025,,,0.0,12.64925,0.00511,13,0,,0
2025,test,0.5,13,00000005,sim_inflate_1.5,0.641,,,0.00125,7.70775,0.137321,5,1,,0
2025,test,0.5,13,0000000A,sim_inflate_1.5,0.1305,,,0.00025,10.40125,0.142414,8,1,,0
2025,test,0.5,13,0000000C,sim_inflate_1.5,0.996,,,0.003,3.819,0.024912,3,1,,0
2025,test,0.5,13,0000000D,sim_inflate_1.5,0.4705,,,0.0,8.5245,0.136289,6,1,,0
2025,test,0.5,13,0000000F,sim_inflate_1.5,0.0375,,,0.0,11.429,0.01856,12,0,,0
2025,test,0.5,13,00000010,sim_inflate_1.5,0.99625,,,0.0045,3.97025,0.017623,4,1,,0
2025,test,0.5,13,00000011,sim_inflate_1.5,0.81575,,,0.004,6.55425,0.132499,9,0,,0
2025,test,0.5,13,2A25C696,sim_inflate_1.5,0.86525,,,0.0015,6.4815,0.215895,10,0,,0
2025,test,0.5,13,B742845D,sim_inflate_1.5,0.3185,,,0.00025,9.309,0.076486,11,0,,0
2025,test,0.5,13,BB4B460F,sim_inflate_1.5,0.72625,,,0.00125,7.147,0.042827,7,1,,0
2025,test,0.5,13,00000001,sim_inflate_2,1.0,,,0.45875,1.65125,0.010748,2,1,,0
2025,test,0.5,13,00000002,sim_inflate_2,1.0,,,0.5125,1.36125,0.010741,1,1,,1
2025,test,0.5,13,00000003,sim_inflate_2,0.0045,,,0.0,12.59225,0.006407,13,0,,0
2025,test,0.5,13,00000005,sim_inflate_2,0.63425,,,0.00175,7.72875,0.139012,5,1,,0
2025,test,0.5,13,0000000A,sim_inflate_2,0.14825,,,0.00025,10.34625,0.1368,8,1,,0
2025,test,0.5,13,0000000C,sim_inflate_2,0.994,,,0.00375,3.8925,0.027431,3,1,,0
2025,test,0.5,13,0000000D,sim_inflate_2,0.4815,,,0.00025,8.48975,0.13201,6,1,,0
2025,test,0.5,13,0000000F,sim_inflate_2,0.04825,,,0.0,11.35725,0.021043,12,0,,0
2025,test,0.5,13,00000010,sim_inflate_2,0.9935,,,0.00625,4.04675,0.018657,4,1,,0
2025,test,0.5,13,00000011,sim_inflate_2,0.79275,,,0.01025,6.5895,0.12906,9,0,,0
2025,test,0.5,13,2A25C696,sim_inflate_2,0.854,,,0.00225,6.51375,0.211186,10,0,,0
2025,test,0.5,13,B742845D,sim_inflate_2,0.33325,,,0.001,9.2695,0.078159,11,0,,0
2025,test,0.5,13,BB4B460F,sim_inflate_2,0.71575,,,0.003,7.16125,0.04518,7,1,,0
2025,test,0.5,13,00000001,point_sim,1.0,,,0.462,1.687,0.008243,2,1,,0
2025,test,0.5,13,00000002,point_sim,1.0,,,0.5355,1.3145,0.008243,1,1,,1
2025,test,0.5,13,00000003,point_sim,0.0,,,0.0,12.78625,0.002441,13,0,,0
2025,test,0.5,13,00000005,point_sim,0.657,,,0.00025,7.6705,0.137781,5,1,,0
2025,test,0.5,13,0000000A,point_sim,0.0785,,,0.0,10.5735,0.162136,8,1,,0
2025,test,0.5,13,0000000C,point_sim,0.9995,,,0.00025,3.5985,0.017734,3,1,,0
2025,test,0.5,13,0000000D,point_sim,0.4305,,,0.0,8.67125,0.151355,6,1,,0
2025,test,0.5,13,0000000F,point_sim,0.00925,,,0.0,11.66425,0.010023,12,0,,0
2025,test,0.5,13,00000010,point_sim,0.999,,,0.00175,3.75125,0.015527,4,1,,0
2025,test,0.5,13,00000011,point_sim,0.88625,,,0.0,6.373,0.154015,9,0,,0
2025,test,0.5,13,2A25C696,point_sim,0.8975,,,0.0,6.37275,0.232972,10,0,,0
2025,test,0.5,13,B742845D,point_sim,0.25675,,,0.00025,9.42825,0.071363,11,0,,0
2025,test,0.5,13,BB4B460F,point_sim,0.78575,,,0.0,7.109,0.033577,7,1,,0
2025,test,0.5,13,00000001,elo_sim,1.0,,,0.24875,1.67,0.009075,2,1,,0
2025,test,0.5,13,00000002,elo_sim,1.0,,,0.75125,1.33,0.009075,1,1,,1
2025,test,0.5,13,00000003,elo_sim,0.0,,,0.0,12.87075,0.001031,13,0,,0
2025,test,0.5,13,00000005,elo_sim,0.786,,,0.0,7.28075,0.122544,5,1,,0
2025,test,0.5,13,0000000A,elo_sim,0.0105,,,0.0,11.1295,0.219259,8,1,,0
2025,test,0.5,13,0000000C,elo_sim,1.0,,,0.0,3.44275,0.013416,3,1,,0
2025,test,0.5,13,0000000D,elo_sim,0.61375,,,0.0,7.95875,0.106208,6,1,,0
2025,test,0.5,13,0000000F,elo_sim,0.00225,,,0.0,11.55025,0.014083,12,0,,0
2025,test,0.5,13,00000010,elo_sim,0.99975,,,0.0,3.642,0.013046,4,1,,0
2025,test,0.5,13,00000011,elo_sim,0.5855,,,0.0,8.032,0.039435,9,0,,0
2025,test,0.5,13,2A25C696,elo_sim,0.97,,,0.0,5.826,0.298743,10,0,,0
2025,test,0.5,13,B742845D,elo_sim,0.106,,,0.0,9.926,0.051417,11,0,,0
2025,test,0.5,13,BB4B460F,elo_sim,0.92625,,,0.0,6.34125,0.042175,7,1,,0
2025,test,0.5,13,00000001,standings_now,1.0,,,0.0,2.0,0.0,2,1,,0
2025,test,0.5,13,00000002,standings_now,1.0,,,1.0,1.0,0.0,1,1,,1
2025,test,0.5,13,00000003,standings_now,0.0,,,0.0,13.0,0.0,13,0,,0
2025,test,0.5,13,00000005,standings_now,1.0,,,0.0,8.0,0.25,5,1,,0
2025,test,0.5,13,0000000A,standings_now,0.0,,,0.0,11.0,0.25,8,1,,0
2025,test,0.5,13,0000000C,standings_now,1.0,,,0.0,3.0,0.0,3,1,,0
2025,test,0.5,13,0000000D,standings_now,0.0,,,0.0,9.0,0.25,6,1,,0
2025,test,0.5,13,0000000F,standings_now,0.0,,,0.0,12.0,0.0,12,0,,0
2025,test,0.5,13,00000010,standings_now,1.0,,,0.0,4.0,0.0,4,1,,0
2025,test,0.5,13,00000011,standings_now,1.0,,,0.0,5.0,0.333333,9,0,,0
2025,test,0.5,13,2A25C696,standings_now,1.0,,,0.0,6.0,0.333333,10,0,,0
2025,test,0.5,13,B742845D,standings_now,0.0,,,0.0,10.0,0.083333,11,0,,0
2025,test,0.5,13,BB4B460F,standings_now,1.0,,,0.0,7.0,0.0,7,1,,0
2025,test,0.75,19,00000001,sim_full,1.0,,,0.281,2.01925,9.7e-05,2,1,,0
2025,test,0.75,19,00000002,sim_full,1.0,,,0.70025,1.0135,1.5e-05,1,1,,1
2025,test,0.75,19,00000003,sim_full,0.0325,,,0.0,11.36075,0.070982,13,0,,0
2025,test,0.75,19,00000005,sim_full,0.99875,,,0.00175,5.13975,0.007399,5,1,,0
2025,test,0.75,19,0000000A,sim_full,0.2055,,,0.00025,9.99525,0.100174,8,1,,0
2025,test,0.75,19,0000000C,sim_full,1.0,,,0.003,4.02125,0.062546,3,1,,0
2025,test,0.75,19,0000000D,sim_full,0.96475,,,0.001,6.14925,0.012759,6,1,,0
2025,test,0.75,19,0000000F,sim_full,0.02875,,,0.0,11.58875,0.026472,12,0,,0
2025,test,0.75,19,00000010,sim_full,1.0,,,0.0115,3.164,0.057661,4,1,,0
2025,test,0.75,19,00000011,sim_full,0.7715,,,0.001,7.6565,0.077387,9,0,,0
2025,test,0.75,19,2A25C696,sim_full,0.49825,,,0.0,8.71575,0.06969,10,0,,0
2025,test,0.75,19,B742845D,sim_full,0.02575,,,0.0,11.4765,0.037186,11,0,,0
2025,test,0.75,19,BB4B460F,sim_full,0.47425,,,0.00025,8.6995,0.079183,7,1,,0
2025,test,0.75,19,00000001,sim_net,1.0,,,0.2745,2.01825,6.5e-05,2,1,,0
2025,test,0.75,19,00000002,sim_net,1.0,,,0.7115,1.00925,7e-06,1,1,,1
2025,test,0.75,19,00000003,sim_net,0.028,,,0.0,11.4095,0.067737,13,0,,0
2025,test,0.75,19,00000005,sim_net,0.9985,,,0.00125,5.1425,0.007176,5,1,,0
2025,test,0.75,19,0000000A,sim_net,0.20975,,,0.00025,9.96575,0.098245,8,1,,0
2025,test,0.75,19,0000000C,sim_net,1.0,,,0.00175,4.014,0.062318,3,1,,0
2025,test,0.75,19,0000000D,sim_net,0.9655,,,0.001,6.14575,0.012461,6,1,,0
2025,test,0.75,19,0000000F,sim_net,0.03125,,,0.0,11.58375,0.02619,12,0,,0
2025,test,0.75,19,00000010,sim_net,1.0,,,0.009,3.1685,0.057535,4,1,,0
2025,test,0.75,19,00000011,sim_net,0.76975,,,0.0005,7.6525,0.077373,9,0,,0
2025,test,0.75,19,2A25C696,sim_net,0.5005,,,0.0,8.70425,0.070112,10,0,,0
2025,test,0.75,19,B742845D,sim_net,0.02625,,,0.0,11.47075,0.036624,11,0,,0
2025,test,0.75,19,BB4B460F,sim_net,0.4705,,,0.00025,8.71525,0.080714,7,1,,0
2025,test,0.75,19,00000001,sim_inflate_1.5,1.0,,,0.28725,2.02075,0.000101,2,1,,0
2025,test,0.75,19,00000002,sim_inflate_1.5,1.0,,,0.6875,1.0135,1.5e-05,1,1,,1
2025,test,0.75,19,00000003,sim_inflate_1.5,0.03475,,,0.0,11.36575,0.069906,13,0,,0
2025,test,0.75,19,00000005,sim_inflate_1.5,0.99775,,,0.0015,5.1525,0.008128,5,1,,0
2025,test,0.75,19,0000000A,sim_inflate_1.5,0.215,,,0.0005,9.9605,0.097519,8,1,,0
2025,test,0.75,19,0000000C,sim_inflate_1.5,1.0,,,0.0035,4.02825,0.061555,3,1,,0
2025,test,0.75,19,0000000D,sim_inflate_1.5,0.9585,,,0.001,6.18275,0.014211,6,1,,0
2025,test,0.75,19,0000000F,sim_inflate_1.5,0.0365,,,0.0,11.556,0.026722,12,0,,0
2025,test,0.75,19,00000010,sim_inflate_1.5,1.0,,,0.01575,3.1765,0.056126,4,1,,0
2025,test,0.75,19,00000011,sim_inflate_1.5,0.75925,,,0.00225,7.67225,0.075648,9,0,,0
2025,test,0.75,19,2A25C696,sim_inflate_1.5,0.49825,,,0.0,8.70975,0.069986,10,0,,0
2025,test,0.75,19,B742845D,sim_inflate_1.5,0.0295,,,0.0,11.448,0.037197,11,0,,0
2025,test,0.75,19,BB4B460F,sim_inflate_1.5,0.4705,,,0.00075,8.7135,0.080182,7,1,,0
2025,test,0.75,19,00000001,sim_inflate_2,1.0,,,0.2985,2.023,0.000144,2,1,,0
2025,test,0.75,19,00000002,sim_inflate_2,1.0,,,0.66775,1.01675,2.3e-05,1,1,,1
2025,test,0.75,19,00000003,sim_inflate_2,0.04225,,,0.0005,11.31575,0.072104,13,0,,0
2025,test,0.75,19,00000005,sim_inflate_2,0.99675,,,0.00225,5.1635,0.009135,5,1,,0
2025,test,0.75,19,0000000A,sim_inflate_2,0.225,,,0.0015,9.94875,0.096495,8,1,,0
2025,test,0.75,19,0000000C,sim_inflate_2,1.0,,,0.0045,4.04525,0.061178,3,1,,0
2025,test,0.75,19,0000000D,sim_inflate_2,0.951,,,0.00175,6.20475,0.015662,6,1,,0
2025,test,0.75,19,0000000F,sim_inflate_2,0.04175,,,0.0,11.5235,0.0277,12,0,,0
2025,test,0.75,19,00000010,sim_inflate_2,1.0,,,0.0185,3.1885,0.054552,4,1,,0
2025,test,0.75,19,00000011,sim_inflate_2,0.74225,,,0.00325,7.699,0.073498,9,0,,0
2025,test,0.75,19,2A25C696,sim_inflate_2,0.49075,,,0.0005,8.721,0.067805,10,0,,0
2025,test,0.75,19,B742845D,sim_inflate_2,0.03325,,,0.00025,11.4405,0.037732,11,0,,0
2025,test,0.75,19,BB4B460F,sim_inflate_2,0.477,,,0.00075,8.70975,0.079369,7,1,,0
2025,test,0.75,19,00000001,point_sim,1.0,,,0.256,2.0135,4.4e-05,2,1,,0
2025,test,0.75,19,00000002,point_sim,1.0,,,0.73925,1.0085,6e-06,1,1,,1
2025,test,0.75,19,00000003,point_sim,0.02375,,,0.0,11.47325,0.065296,13,0,,0
2025,test,0.75,19,00000005,point_sim,0.9995,,,0.00025,5.1455,0.005299,5,1,,0
2025,test,0.75,19,0000000A,point_sim,0.19,,,0.0,10.0015,0.101,8,1,,0
2025,test,0.75,19,0000000C,point_sim,1.0,,,0.00075,3.97,0.062355,3,1,,0
2025,test,0.75,19,0000000D,point_sim,0.981,,,0.0,6.085,0.008499,6,1,,0
2025,test,0.75,19,0000000F,point_sim,0.02525,,,0.0,11.65375,0.024598,12,0,,0
2025,test,0.75,19,00000010,point_sim,1.0,,,0.0035,3.14225,0.05997,4,1,,0
2025,test,0.75,19,00000011,point_sim,0.789,,,0.00025,7.616,0.079277,9,0,,0
2025,test,0.75,19,2A25C696,point_sim,0.50625,,,0.0,8.6745,0.071133,10,0,,0
2025,test,0.75,19,B742845D,point_sim,0.016,,,0.0,11.516,0.036007,11,0,,0
2025,test,0.75,19,BB4B460F,point_sim,0.46925,,,0.0,8.70025,0.080271,7,1,,0
2025,test,0.75,19,00000001,elo_sim,1.0,,,0.01825,2.01225,1.5e-05,2,1,,0
2025,test,0.75,19,00000002,elo_sim,1.0,,,0.9815,1.001,0.0,1,1,,1
2025,test,0.75,19,00000003,elo_sim,0.01375,,,0.0,11.676,0.055754,13,0,,0
2025,test,0.75,19,00000005,elo_sim,1.0,,,0.0,5.08125,0.00262,5,1,,0
2025,test,0.75,19,0000000A,elo_sim,0.381,,,0.0,9.06475,0.049359,8,1,,0
2025,test,0.75,19,0000000C,elo_sim,1.0,,,0.0,3.98775,0.069276,3,1,,0
2025,test,0.75,19,0000000D,elo_sim,0.9935,,,0.0,5.967,0.003086,6,1,,0
2025,test,0.75,19,0000000F,elo_sim,0.00475,,,0.0,12.08325,0.022934,12,0,,0
2025,test,0.75,19,00000010,elo_sim,1.0,,,0.00025,3.08625,0.068155,4,1,,0
2025,test,0.75,19,00000011,elo_sim,0.6415,,,0.0,8.127,0.047089,9,0,,0
2025,test,0.75,19,2A25C696,elo_sim,0.36175,,,0.0,9.0825,0.04479,10,0,,0
2025,test,0.75,19,B742845D,elo_sim,0.00625,,,0.0,11.528,0.027208,11,0,,0
2025,test,0.75,19,BB4B460F,elo_sim,0.5975,,,0.0,8.303,0.054241,7,1,,0
2025,test,0.75,19,00000001,standings_now,1.0,,,0.0,2.0,0.0,2,1,,0
2025,test,0.75,19,00000002,standings_now,1.0,,,1.0,1.0,0.0,1,1,,1
2025,test,0.75,19,00000003,standings_now,0.0,,,0.0,10.0,0.25,13,0,,0
2025,test,0.75,19,00000005,standings_now,1.0,,,0.0,5.0,0.0,5,1,,0
2025,test,0.75,19,0000000A,standings_now,0.0,,,0.0,11.0,0.25,8,1,,0
2025,test,0.75,19,0000000C,standings_now,1.0,,,0.0,4.0,0.083333,3,1,,0
2025,test,0.75,19,0000000D,standings_now,1.0,,,0.0,6.0,0.0,6,1,,0
2025,test,0.75,19,0000000F,standings_now,0.0,,,0.0,13.0,0.083333,12,0,,0
2025,test,0.75,19,00000010,standings_now,1.0,,,0.0,3.0,0.083333,4,1,,0
2025,test,0.75,19,00000011,standings_now,1.0,,,0.0,8.0,0.083333,9,0,,0
2025,test,0.75,19,2A25C696,standings_now,0.0,,,0.0,9.0,0.083333,10,0,,0
2025,test,0.75,19,B742845D,standings_now,0.0,,,0.0,12.0,0.083333,11,0,,0
2025,test,0.75,19,BB4B460F,standings_now,1.0,,,0.0,7.0,0.0,7,1,,0
