game_id,season,round,phase,tipoff_utc,home,away,p_home,exp_margin,exp_total,margin_sigma,margin_df,total_sigma,model,model_version,predicted_at_utc
E2026_13,2026,2,RS,2026-09-29T16:00:00Z,DUB,BAR,0.5988,2.70,169.99,10.4024,7,16.5309,m1,0.2.0+m1.cbd9aaa3,2026-09-28T14:37:45Z
E2026_11,2026,2,RS,2026-09-29T17:00:00Z,IST,MAD,0.4189,-2.21,165.99,10.4024,7,16.5309,m1,0.2.0+m1.cbd9aaa3,2026-09-28T14:37:45Z
E2026_14,2026,2,RS,2026-09-29T17:00:00Z,ZAL,OLY,0.4968,-0.09,171.81,10.4024,7,16.5309,m1,0.2.0+m1.cbd9aaa3,2026-09-28T14:37:45Z
E2026_17,2026,2,RS,2026-09-29T17:45:00Z,ULK,MUN,0.7210,6.40,160.38,10.4024,7,16.5309,m1,0.2.0+m1.cbd9aaa3,2026-09-28T14:37:45Z
E2026_12,2026,2,RS,2026-09-29T18:00:00Z,RED,HTA,0.6084,2.97,173.35,10.4024,7,16.5309,m1,0.2.0+m1.cbd9aaa3,2026-09-28T14:37:45Z
E2026_15,2026,2,RS,2026-09-29T18:30:00Z,PAM,BAS,0.8287,10.59,181.26,10.4024,7,16.5309,m1,0.2.0+m1.cbd9aaa3,2026-09-28T14:37:45Z
E2026_16,2026,2,RS,2026-09-29T18:30:00Z,MIL,VIR,0.6859,5.27,171.39,10.4024,7,16.5309,m1,0.2.0+m1.cbd9aaa3,2026-09-28T14:37:45Z
E2026_18,2026,2,RS,2026-09-29T18:45:00Z,PRS,PAR,0.6567,4.38,172.78,10.4024,7,16.5309,m1,0.2.0+m1.cbd9aaa3,2026-09-28T14:37:45Z
E2026_19,2026,2,RS,2026-09-30T18:05:00Z,TEL,BES,0.5672,1.83,182.18,10.4024,7,16.5309,m1,0.2.0+m1.cbd9aaa3,2026-09-29T11:05:19Z
E2026_20,2026,2,RS,2026-09-30T18:15:00Z,PAN,ASV,0.8261,10.47,166.11,10.4024,7,16.5309,m1,0.2.0+m1.cbd9aaa3,2026-09-29T11:05:19Z
E2026_22,2026,3,RS,2026-10-01T16:00:00Z,HTA,MAD,0.5596,1.62,171.22,10.4024,7,16.5309,m1,0.2.0+m1.cbd9aaa3,2026-09-30T14:46:12Z
E2026_21,2026,3,RS,2026-10-01T18:00:00Z,RED,IST,0.6823,5.16,169.00,10.4024,7,16.5309,m1,0.2.0+m1.cbd9aaa3,2026-09-30T14:46:12Z
E2026_23,2026,3,RS,2026-10-01T18:30:00Z,VIR,OLY,0.2882,-6.09,172.66,10.4024,7,16.5309,m1,0.2.0+m1.cbd9aaa3,2026-09-30T14:46:12Z
E2026_24,2026,3,RS,2026-10-01T18:45:00Z,PRS,ZAL,0.4566,-1.18,175.21,10.4024,7,16.5309,m1,0.2.0+m1.cbd9aaa3,2026-09-30T14:46:12Z
E2026_25,2026,3,RS,2026-10-02T17:00:00Z,BES,BAR,0.6917,5.45,176.10,10.4024,7,16.5309,m1,0.2.0+m1.cbd9aaa3,2026-10-01T15:14:56Z
E2026_29,2026,3,RS,2026-10-02T17:45:00Z,ULK,DUB,0.6981,5.65,166.81,10.4024,7,16.5309,m1,0.2.0+m1.cbd9aaa3,2026-10-01T15:14:56Z
E2026_26,2026,3,RS,2026-10-02T18:00:00Z,ASV,PAM,0.2983,-5.77,171.84,10.4024,7,16.5309,m1,0.2.0+m1.cbd9aaa3,2026-10-01T15:14:56Z
E2026_28,2026,3,RS,2026-10-02T18:00:00Z,MUN,PAR,0.5776,2.11,164.82,10.4024,7,16.5309,m1,0.2.0+m1.cbd9aaa3,2026-10-01T15:14:56Z
E2026_30,2026,3,RS,2026-10-02T18:15:00Z,PAN,TEL,0.8214,10.25,178.54,10.4024,7,16.5309,m1,0.2.0+m1.cbd9aaa3,2026-10-01T15:14:56Z
E2026_27,2026,3,RS,2026-10-02T18:30:00Z,BAS,MIL,0.5496,1.35,183.95,10.4024,7,16.5309,m1,0.2.0+m1.cbd9aaa3,2026-10-01T15:14:56Z
