simulated_at_utc,season,after_round,team,p_direct_playoffs,p_play_in,p_top10,p_final_four,p_title,expected_wins,rank_p10,rank_p50,rank_p90,model,model_version
2026-10-09T17:26:46Z,2026,3,ASV,0.0121,0.0519,0.0640,0.0045,0.0006,12.25,12,18,20,m7-sim_full,m7-sim_full-v1
2026-10-09T17:26:46Z,2026,3,BAR,0.4324,0.2869,0.7193,0.2622,0.0573,21.44,2,7,14,m7-sim_full,m7-sim_full-v1
2026-10-09T17:26:46Z,2026,3,BAS,0.0392,0.1109,0.1501,0.0173,0.0028,14.35,9,16,20,m7-sim_full,m7-sim_full-v1
2026-10-09T17:26:46Z,2026,3,BES,0.2588,0.2001,0.4589,0.1871,0.0492,18.23,3,11,19,m7-sim_full,m7-sim_full-v1
2026-10-09T17:26:46Z,2026,3,DUB,0.2872,0.2718,0.5590,0.1622,0.0314,19.76,3,10,17,m7-sim_full,m7-sim_full-v1
2026-10-09T17:26:46Z,2026,3,HTA,0.3779,0.2763,0.6542,0.2372,0.0497,20.82,2,8,16,m7-sim_full,m7-sim_full-v1
2026-10-09T17:26:46Z,2026,3,IST,0.1301,0.2141,0.3442,0.0770,0.0124,17.28,6,13,18,m7-sim_full,m7-sim_full-v1
2026-10-09T17:26:46Z,2026,3,MAD,0.4091,0.3010,0.7101,0.3019,0.0748,21.23,3,8,14,m7-sim_full,m7-sim_full-v1
2026-10-09T17:26:46Z,2026,3,MIL,0.0784,0.1616,0.2400,0.0455,0.0066,15.89,7,14,19,m7-sim_full,m7-sim_full-v1
2026-10-09T17:26:46Z,2026,3,MUN,0.0747,0.1549,0.2296,0.0392,0.0063,15.81,7,14,19,m7-sim_full,m7-sim_full-v1
2026-10-09T17:26:46Z,2026,3,OLY,0.8478,0.1117,0.9595,0.6602,0.2208,26.43,1,3,8,m7-sim_full,m7-sim_full-v1
2026-10-09T17:26:46Z,2026,3,PAM,0.7372,0.1737,0.9109,0.5239,0.1408,25.09,1,4,10,m7-sim_full,m7-sim_full-v1
2026-10-09T17:26:46Z,2026,3,PAN,0.6628,0.2116,0.8744,0.4568,0.1194,24.04,1,5,11,m7-sim_full,m7-sim_full-v1
2026-10-09T17:26:46Z,2026,3,PAR,0.2743,0.2789,0.5532,0.1405,0.0225,19.61,4,10,16,m7-sim_full,m7-sim_full-v1
2026-10-09T17:26:46Z,2026,3,PRS,0.0991,0.1817,0.2808,0.0530,0.0089,16.41,7,14,19,m7-sim_full,m7-sim_full-v1
2026-10-09T17:26:46Z,2026,3,RED,0.1886,0.2459,0.4345,0.1204,0.0231,18.32,5,11,18,m7-sim_full,m7-sim_full-v1
2026-10-09T17:26:46Z,2026,3,TEL,0.0190,0.0688,0.0878,0.0103,0.0018,12.89,11,17,20,m7-sim_full,m7-sim_full-v1
2026-10-09T17:26:46Z,2026,3,ULK,0.5764,0.2480,0.8244,0.3758,0.0942,23.14,2,6,12,m7-sim_full,m7-sim_full-v1
2026-10-09T17:26:46Z,2026,3,VIR,0.0746,0.1588,0.2334,0.0391,0.0060,15.65,7,15,19,m7-sim_full,m7-sim_full-v1
2026-10-09T17:26:46Z,2026,3,ZAL,0.4203,0.2914,0.7117,0.2859,0.0714,21.36,3,8,14,m7-sim_full,m7-sim_full-v1
