snapshot_utc,page_updated_utc,team,team_name_bn,player,bn_player_id,position,status,return_round,comment
2026-10-07T09:30:32Z,2026-10-07T05:36:50Z,IST,Anadolu Efes Istanbul,Isaia Cordinier,23741,PG,Out,Indefinitely,Rehab after surgery
2026-10-07T09:30:32Z,2026-10-07T05:36:50Z,IST,Anadolu Efes Istanbul,Ruzgar Fenemen,39671,PG,Uncertain,Round 4,DNP in Round 1-3 (coach's decision)
2026-10-07T09:30:32Z,2026-10-07T05:36:50Z,IST,Anadolu Efes Istanbul,Burak Can Yildizli,14714,PF,Out,Indefinitely,Not included in official Euroleague roster
2026-10-07T09:30:32Z,2026-10-07T05:36:50Z,IST,Anadolu Efes Istanbul,Mike James,17917,PG,Out,Out for season,"Suffered an Achilles tendon injury in Round 3, underwent surgery"
2026-10-07T09:30:32Z,2026-10-07T05:36:50Z,IST,Anadolu Efes Istanbul,D. Karutasu,40764,SF,Uncertain,Round 4,DNP in Round 1-3 (coach's decision)
2026-10-07T09:30:32Z,2026-10-07T05:36:50Z,IST,Anadolu Efes Istanbul,David Mutaf,35489,PG,Uncertain,Round 4,DNP in Round 1-3 (coach's decision). Played in the domestic league (10.04)
2026-10-07T09:30:32Z,2026-10-07T05:36:50Z,IST,Anadolu Efes Istanbul,Cameron Payne,17903,PG,Game-time,Round 4,New signing
2026-10-07T09:30:32Z,2026-10-07T05:36:50Z,IST,Anadolu Efes Istanbul,Georgios Papagiannis,18433,C,Out,Indefinitely,Left knee ACL injury
2026-10-07T09:30:32Z,2026-10-07T05:36:50Z,MIL,Armani Olimpia Milan,Nicola Akele,35207,SF,Uncertain,Round 4,Not included in 12-man roster in Rounds 2-3 (coach's decision)
2026-10-07T09:30:32Z,2026-10-07T05:36:50Z,MIL,Armani Olimpia Milan,Ousmane Diop,35352,C,Uncertain,Round 4,Not included in 12-man roster in Rounds 2-3 (coach's decision)
2026-10-07T09:30:32Z,2026-10-07T05:36:50Z,MIL,Armani Olimpia Milan,Marko Guduric,18642,PG,Ready,Round 4,DNP in Round 3 by personal reasons.Played in the domestic league (10.05)
2026-10-07T09:30:32Z,2026-10-07T05:36:50Z,MIL,Armani Olimpia Milan,Stefano Tonut,18487,PG,Uncertain,Round 4,"DNP in domestic league game on Monday (left hand contusion), requires a few days of rest"
2026-10-07T09:30:32Z,2026-10-07T05:36:50Z,BES,Besiktas Istanbul,Yagiz Aksu,35269,PG,Uncertain,Round 4,Not included in 12-man roster in Rounds 1-3 (coach's decision)
2026-10-07T09:30:32Z,2026-10-07T05:36:50Z,BES,Besiktas Istanbul,DaQuan Jeffries,24391,SF,Uncertain,Round 4,Suffered left wrist fracture in Round 1 vs. Valencia
2026-10-07T09:30:32Z,2026-10-07T05:36:50Z,RED,Crvena Zvezda Meridianbet Belgrade,Patrick Baldwin Jr.,36296,SF,Uncertain,Round 4,DNP in Round 1-3 (back injury)
2026-10-07T09:30:32Z,2026-10-07T05:36:50Z,RED,Crvena Zvezda Meridianbet Belgrade,Jovan Bikic,39633,SF,Out,Indefinitely,Not included in official Euroleague roster
2026-10-07T09:30:32Z,2026-10-07T05:36:50Z,RED,Crvena Zvezda Meridianbet Belgrade,Andrej Bjelic,40274,PG,Uncertain,Round 4,DNP in Round 1-3 (coach's decision)
2026-10-07T09:30:32Z,2026-10-07T05:36:50Z,RED,Crvena Zvezda Meridianbet Belgrade,Dejan Davidovac,21890,SF,Uncertain,Round 4,DNP in Round 1-3 (coach's decision).Played in the domestic league (10.04)
2026-10-07T09:30:32Z,2026-10-07T05:36:50Z,RED,Crvena Zvezda Meridianbet Belgrade,Nikola Djurisic,37590,PG,Uncertain,Round 4,DNP in Round 2-3 (quad injury).Played in the domestic league (10.04)
2026-10-07T09:30:32Z,2026-10-07T05:36:50Z,RED,Crvena Zvezda Meridianbet Belgrade,Vojin Medarevic,39021,C,Out,Indefinitely,Not included in official Euroleague roster
2026-10-07T09:30:32Z,2026-10-07T05:36:50Z,RED,Crvena Zvezda Meridianbet Belgrade,Johnathan Motley,21637,C,Uncertain,Round 4,Suffered a groin injury in Round 3. DNP in the domestic league (10.04)
2026-10-07T09:30:32Z,2026-10-07T05:36:50Z,RED,Crvena Zvezda Meridianbet Belgrade,Aleksej Nedeljkovic,40277,SF,Out,Indefinitely,Not included in official Euroleague roster
2026-10-07T09:30:32Z,2026-10-07T05:36:50Z,RED,Crvena Zvezda Meridianbet Belgrade,Ognjen Simjanovski,40278,PG,Out,Indefinitely,Not included in official Euroleague roster
2026-10-07T09:30:32Z,2026-10-07T05:36:50Z,DUB,Dubai Basketball,Awudu Abass,12276,SF,Out,Indefinitely,Not included in the EuroLeague roster.
2026-10-07T09:30:32Z,2026-10-07T05:36:50Z,DUB,Dubai Basketball,Justin Anderson,18820,SF,Out,Round 1-6,Hamstring injury
2026-10-07T09:30:32Z,2026-10-07T05:36:50Z,DUB,Dubai Basketball,Mouhammadou Jaiteh,14688,C,Out,Indefinitely,Continues rehab after Achilles injury.
2026-10-07T09:30:32Z,2026-10-07T05:36:50Z,DUB,Dubai Basketball,Kenan Kamenjas,35913,C,Out,Indefinitely,Not included in official Euroleague roster
2026-10-07T09:30:32Z,2026-10-07T05:36:50Z,DUB,Dubai Basketball,Dzanan Musa,18643,PG,Out,Round 2-4,Knee injury
2026-10-07T09:30:32Z,2026-10-07T05:36:50Z,DUB,Dubai Basketball,Klemen Prepelic,12229,PG,Uncertain,Round 4,Undisclosed
2026-10-07T09:30:32Z,2026-10-07T05:36:50Z,DUB,Dubai Basketball,Tomislav Vuckovic,40316,PG,Out,Indefinitely,Not included in official Euroleague roster
2026-10-07T09:30:32Z,2026-10-07T05:36:50Z,MUN,FC Bayern Munich,MarJon Beauchamp,36375,SF,Uncertain,Round 4,DNP in Round 3 and in the domestic league (10.04) (undisclosed)
2026-10-07T09:30:32Z,2026-10-07T05:36:50Z,MUN,FC Bayern Munich,Oscar da Silva,35182,SF,Ready,Round 4,DNP in Round 3. Played in the domestic league (10.04)
2026-10-07T09:30:32Z,2026-10-07T05:36:50Z,MUN,FC Bayern Munich,Kilian Fischer,39698,C,Uncertain,Round 4,DNP in Rounds 2-3 (coach's decision)
2026-10-07T09:30:32Z,2026-10-07T05:36:50Z,MUN,FC Bayern Munich,Niels Giffey,14073,SF,Ready,Round 4,Included in 12-man roster in Round 3. Played in the domestic league (10.04)
2026-10-07T09:30:32Z,2026-10-07T05:36:50Z,BAR,FC Barcelona,Tosan Evbuomwan,37414,SF,Out,Indefinitely,Left shoulder injury
2026-10-07T09:30:32Z,2026-10-07T05:36:50Z,BAR,FC Barcelona,Abdu Kone,40765,C,Uncertain,Round 4,DNP in Rounds 1-3 (coach's decision)
2026-10-07T09:30:32Z,2026-10-07T05:36:50Z,BAR,FC Barcelona,Yoan Makoundou,34749,C,Out,Round 1-6,Left knee injury
2026-10-07T09:30:32Z,2026-10-07T05:36:50Z,BAR,FC Barcelona,Josh Nebo,34954,C,Out,Round 1-5,Right calf injury
2026-10-07T09:30:32Z,2026-10-07T05:36:50Z,ULK,Fenerbahce Beko Istanbul,Onuralp Bitim,21014,SF,Uncertain,Round 4,DNP in Rounds 1-3 (coach's decision). Played in the domestic league (10.04)
2026-10-07T09:30:32Z,2026-10-07T05:36:50Z,ULK,Fenerbahce Beko Istanbul,Shane Larkin,14015,PG,Ready,Round 4,Played in domestic league on Sunday
2026-10-07T09:30:32Z,2026-10-07T05:36:50Z,ULK,Fenerbahce Beko Istanbul,Melih Mahmutoglu,14693,PG,Uncertain,Round 4,DNP in Rounds 1-3 (coach's decision)
2026-10-07T09:30:32Z,2026-10-07T05:36:50Z,HTA,Hapoel IBI Tel Aviv,Oz Blayzer,20883,SF,Out,Indefinitely,Not included in official Euroleague roster
2026-10-07T09:30:32Z,2026-10-07T05:36:50Z,HTA,Hapoel IBI Tel Aviv,Tamir Blatt,21168,PG,Out,Indefinitely,Out of the squad
2026-10-07T09:30:32Z,2026-10-07T05:36:50Z,HTA,Hapoel IBI Tel Aviv,Frederic Bourdillon,24348,PG,Out,Indefinitely,Not included in official Euroleague roster
2026-10-07T09:30:32Z,2026-10-07T05:36:50Z,HTA,Hapoel IBI Tel Aviv,Amir Coffey,24343,PG,Uncertain,Round 4,DNP in Rounds 1-3 (undisclosed injury)
2026-10-07T09:30:32Z,2026-10-07T05:36:50Z,HTA,Hapoel IBI Tel Aviv,Tyler Ennis,17091,PG,Out,Long-term,Torn Achilles
2026-10-07T09:30:32Z,2026-10-07T05:36:50Z,HTA,Hapoel IBI Tel Aviv,Tomer Ginat,24758,SF,Uncertain,Round 4,DNP in Rounds 1-3 (knee injury)
2026-10-07T09:30:32Z,2026-10-07T05:36:50Z,HTA,Hapoel IBI Tel Aviv,Max Heidegger,35310,PG,Out,Indefinitely,Not included in official Euroleague roster
2026-10-07T09:30:32Z,2026-10-07T05:36:50Z,HTA,Hapoel IBI Tel Aviv,Guy Palatin,23364,PG,Out,Indefinitely,Not included in official Euroleague roster
2026-10-07T09:30:32Z,2026-10-07T05:36:50Z,HTA,Hapoel IBI Tel Aviv,Itay Segev,12194,C,Out,Indefinitely,Not included in official Euroleague roster
2026-10-07T09:30:32Z,2026-10-07T05:36:50Z,HTA,Hapoel IBI Tel Aviv,Jacob Toppin,37314,SF,Uncertain,Round 4,DNP in Rounds 2-3 (coach's decision)
2026-10-07T09:30:32Z,2026-10-07T05:36:50Z,HTA,Hapoel IBI Tel Aviv,Yiftach Ziv,35088,PG,Out,Indefinitely,Not included in official Euroleague roster
2026-10-07T09:30:32Z,2026-10-07T05:36:50Z,BAS,Kosner Baskonia Vitoria-Gasteiz,Clement Frisch,34680,SF,Uncertain,Round 4,Not included in 12-man roster in Round 3 (coach's decision). Played in the domestic league (10.04)
2026-10-07T09:30:32Z,2026-10-07T05:36:50Z,BAS,Kosner Baskonia Vitoria-Gasteiz,Tadas Sedekerskis,11069,SF,Ready,Round 4,Played only 5 minutes in the first quarter of Round 3. Played in the domestic league (10.04)
2026-10-07T09:30:32Z,2026-10-07T05:36:50Z,BAS,Kosner Baskonia Vitoria-Gasteiz,Pedro Souza,38886,SF,Uncertain,Round 4,Not included in 12-man roster in Rounds 2-3 (coach's decision)
2026-10-07T09:30:32Z,2026-10-07T05:36:50Z,ASV,LDLC ASVEL Villeurbanne,Mathis Dossou-Yovo,38493,C,Out,Round 1-9,Adductor muscle injury (out until November)
2026-10-07T09:30:32Z,2026-10-07T05:36:50Z,ASV,LDLC ASVEL Villeurbanne,Edwin Jackson,6913,SF,Uncertain,Round 4,DNP in Rounds 1-3 (coach's decision). Played in the domestic league (10.04)
2026-10-07T09:30:32Z,2026-10-07T05:36:50Z,ASV,LDLC ASVEL Villeurbanne,TyTy Washington Jr.,36311,PG,Uncertain,Round 4,DNP in Rounds 1-3 and in the domestic league (10.04) (ankle injury)
2026-10-07T09:30:32Z,2026-10-07T05:36:50Z,TEL,Maccabi Rapyd Tel Aviv,John Dibartolomeo,21024,PG,Uncertain,Round 4,DNP in Rounds 2-3 (personal reasons)
2026-10-07T09:30:32Z,2026-10-07T05:36:50Z,TEL,Maccabi Rapyd Tel Aviv,Amit Ebo,37392,PG,Ready,Round 4,Included in 12-man roster in Round 3. DNP in Rounds 1-2 (coach's decision)
2026-10-07T09:30:32Z,2026-10-07T05:36:50Z,TEL,Maccabi Rapyd Tel Aviv,Shane Hunter,38648,C,Out,Indefinitely,Not included in official Euroleague roster
2026-10-07T09:30:32Z,2026-10-07T05:36:50Z,TEL,Maccabi Rapyd Tel Aviv,Gur Lavi,38534,SF,Uncertain,Round 4,Not included in 12-man roster in Rounds 1-3 (undisclosed injury)
2026-10-07T09:30:32Z,2026-10-07T05:36:50Z,TEL,Maccabi Rapyd Tel Aviv,Daniel Theis,13408,C,Uncertain,Round 4,DNP In Round 3 and in the domestic cup (10.04) (ankle problem)
2026-10-07T09:30:32Z,2026-10-07T05:36:50Z,OLY,Olympiacos Piraeus,Georgios Bourneles,39835,PG,Uncertain,Round 4,DNP in Round 1-3 (coach's decision)
2026-10-07T09:30:32Z,2026-10-07T05:36:50Z,OLY,Olympiacos Piraeus,Antonios Karagiannidis,35250,C,Uncertain,Round 4,DNP in Round 1-3 (coach's decision)
2026-10-07T09:30:32Z,2026-10-07T05:36:50Z,OLY,Olympiacos Piraeus,Nikola Milutinov,12245,C,Expected,Round 4,Played in domestic league on Sunday after DNP in Round 2-3 (tendinitis)
2026-10-07T09:30:32Z,2026-10-07T05:36:50Z,OLY,Olympiacos Piraeus,Jean Montero,24673,PG,Uncertain,Round 4,Skips Sunday's domestic league game due to a virus
2026-10-07T09:30:32Z,2026-10-07T05:36:50Z,OLY,Olympiacos Piraeus,Omiros Netzipoglou,37246,PG,Uncertain,Round 4,DNP in Round 1-3 (coach's decision)
2026-10-07T09:30:32Z,2026-10-07T05:36:50Z,OLY,Olympiacos Piraeus,George Papas,35869,SG,Uncertain,Round 4,DNP in Round 1-3 (coach's decision)
2026-10-07T09:30:32Z,2026-10-07T05:36:50Z,OLY,Olympiacos Piraeus,Nikolaos Plotas,35494,PG,Uncertain,Round 4,DNP in Round 1-3 (coach's decision)
2026-10-07T09:30:32Z,2026-10-07T05:36:50Z,PAN,Panathinaikos AKTOR Athens,Moustapha Fall,22666,C,Ready,Round 4,"DNP in Round 1-3 ( hamstring injury ), started practising with team"
2026-10-07T09:30:32Z,2026-10-07T05:36:50Z,PAN,Panathinaikos AKTOR Athens,Juan Hernangomez,19143,SF,Uncertain,Round 4,"Discomfort in his groin (muscle spasm) suffered during Greek SuperCup semifinal, DNP in Round 2-3"
2026-10-07T09:30:32Z,2026-10-07T05:36:50Z,PAN,Panathinaikos AKTOR Athens,Ioannis Kouzeloglou,16597,C,Out,Indefinitely,Not included in official Euroleague roster
2026-10-07T09:30:32Z,2026-10-07T05:36:50Z,PAN,Panathinaikos AKTOR Athens,Kendrick Nunn,24328,PG,Out,Round 2-4,Medial right meniscus tear
2026-10-07T09:30:32Z,2026-10-07T05:36:50Z,PAN,Panathinaikos AKTOR Athens,Nikos Rogkavopoulos,24143,SF,Ready,Round 4,"Back pain, DNP in Round 3 and Greek League (10-04)"
2026-10-07T09:30:32Z,2026-10-07T05:36:50Z,PAN,Panathinaikos AKTOR Athens,Kostas Sloukas,6641,PG,Out,Round 2-4,Rehab after leg injury
2026-10-07T09:30:32Z,2026-10-07T05:36:50Z,PAN,Panathinaikos AKTOR Athens,Iason Varvaritis,40772,PG,Uncertain,Round 4,Not included in 12-man roster in Rounds 1-3 (coach's decision)
2026-10-07T09:30:32Z,2026-10-07T05:36:50Z,PRS,Paris Basketball,Nobel Boungou-Colo,16649,SF,Out,Indefinitely,Not included in official Euroleague roster
2026-10-07T09:30:32Z,2026-10-07T05:36:50Z,PRS,Paris Basketball,Amath M'Baye,21386,SF,Out,Out of team,"Not included in official Euroleague roster, left the team"
2026-10-07T09:30:32Z,2026-10-07T05:36:50Z,PRS,Paris Basketball,Frank Ntilikina,18387,PG,Ready,Round 4,DNP in Round 3 (undisclosed). Played in the domestic league (10.04)
2026-10-07T09:30:32Z,2026-10-07T05:36:50Z,PRS,Paris Basketball,Maozinha Pereira,37456,SF,Uncertain,Round 4,DNP in Round 1-3 (coach's decision)
2026-10-07T09:30:32Z,2026-10-07T05:36:50Z,PRS,Paris Basketball,Terry Tarpey,22859,PG,Ready,Round 4,DNP in Round 3 (undisclosed).Played in the domestic league (10.04)
2026-10-07T09:30:32Z,2026-10-07T05:36:50Z,PAR,Partizan Mozzart Bet Belgrade,Mitar Bosnjakovic,37625,SG,Out,Indefinitely,Not included in official Euroleague roster
2026-10-07T09:30:32Z,2026-10-07T05:36:50Z,PAR,Partizan Mozzart Bet Belgrade,Uros Danilovic,40279,SF,Uncertain,Round 4,Not included in 12-man roster in Rounds 2-3 (coach's decision)
2026-10-07T09:30:32Z,2026-10-07T05:36:50Z,PAR,Partizan Mozzart Bet Belgrade,Vanja Marinkovic,16598,SF,Out,Indefinitely,Working back from Achilles surgery
2026-10-07T09:30:32Z,2026-10-07T05:36:50Z,PAR,Partizan Mozzart Bet Belgrade,Jabari Parker,15928,PF,Out,Indefinitely,Out of the squad
2026-10-07T09:30:32Z,2026-10-07T05:36:50Z,PAR,Partizan Mozzart Bet Belgrade,Lamar Stevens,34870,SF,Doubtful,Round 4,DNP in Round 3 and in domestic league (10.05) (hand injury)
2026-10-07T09:30:32Z,2026-10-07T05:36:50Z,PAR,Partizan Mozzart Bet Belgrade,Derek Willis,23786,C,Out,Round 2-6,The club announced that Willis will be sidelined for several weeks with an ankle injury suffered in Round 1. His status will be reassessed in three to four weeks.
2026-10-07T09:30:32Z,2026-10-07T05:36:50Z,MAD,Real Madrid,Usman Garuba,23792,C,Out,Long-term,Torn ACL
2026-10-07T09:30:32Z,2026-10-07T05:36:50Z,MAD,Real Madrid,Sergio Llull,4913,PG,Uncertain,Round 4,DNP in Round 1-3 (coach's decision). Played in the domestic league (10.04)
2026-10-07T09:30:32Z,2026-10-07T05:36:50Z,MAD,Real Madrid,Gabriele Procida,35875,SF,Uncertain,Round 4,DNP in Round 2-3 (coach's decision). Played in the domestic league (10.04)
2026-10-07T09:30:32Z,2026-10-07T05:36:50Z,MAD,Real Madrid,Olivier Sarr,35704,C,Uncertain,Round 4,DNP in Round 1-3 (coach's decision). Played in the domestic league (10.04)
2026-10-07T09:30:32Z,2026-10-07T05:36:50Z,MAD,Real Madrid,Max Shulga,39042,SG,Uncertain,Round 4,DNP in Round 1-3 (coach's decision). Played in the domestic league (10.04)
2026-10-07T09:30:32Z,2026-10-07T05:36:50Z,PAM,Valencia Basket,Alvaro Cardenas,38522,PG,Uncertain,Round 4,Not included in 12-man roster in Rounds 2-3 (coach's decision)
2026-10-07T09:30:32Z,2026-10-07T05:36:50Z,PAM,Valencia Basket,Mouhamadou Gueye,38125,SF,Uncertain,Round 4,Not included in 12-man roster in Rounds 2-3 (coach's decision)
2026-10-07T09:30:32Z,2026-10-07T05:36:50Z,PAM,Valencia Basket,Lucas Mari,36464,SG,Uncertain,Round 4,Not included in 12-man roster in Rounds 2-3 (coach's decision)
2026-10-07T09:30:32Z,2026-10-07T05:36:50Z,PAM,Valencia Basket,Dylan Osetkowski,24744,SF,Uncertain,Round 4,Didn't play in domestic league on Sunday due to unspecified illness
2026-10-07T09:30:32Z,2026-10-07T05:36:50Z,PAM,Valencia Basket,Yankuba Sima,24259,C,Uncertain,Round 4,Not included in 12-man roster in Rounds 2-3 (coach's decision)
2026-10-07T09:30:32Z,2026-10-07T05:36:50Z,VIR,Virtus Bologna,Matteo Baiocchi,39598,PG,Uncertain,Round 4,DNP in Round 1-3 (coach's decision)
2026-10-07T09:30:32Z,2026-10-07T05:36:50Z,VIR,Virtus Bologna,Davide Casarin,23833,PG,Uncertain,Round 4,DNP in Round 1-3 (coach's decision)
2026-10-07T09:30:32Z,2026-10-07T05:36:50Z,VIR,Virtus Bologna,Kevin Kokila,36261,C,Uncertain,Round 4,DNP in Round 1-3 and in the domestic league (10.04) (right thigh biceps tear)
2026-10-07T09:30:32Z,2026-10-07T05:36:50Z,ZAL,Zalgiris Kaunas,Kaodirichi Akobundu-Ehiogu,38970,C,Doubtful,Round 4,DNP in Round 1-3 (coach's decision)
2026-10-07T09:30:32Z,2026-10-07T05:36:50Z,ZAL,Zalgiris Kaunas,Saben Lee,34872,PG,Uncertain,Round 4,DNP in Round 1-3 (hamstring strain)
2026-10-07T09:30:32Z,2026-10-07T05:36:50Z,ZAL,Zalgiris Kaunas,Nigel Williams-Goss,21320,PG,Out,Rounds 2-4,Suffered hamstring injury in Round 1 game
